保險商品名稱,基金代碼,基金名稱,一個月％,三個月％,六個月％,今年來％,一年％,二年％,三年％,五年％,成立來％
超越變額萬能壽險<已停售/暫時停止銷售>,UL0001,復華貨幣市場證券投資信託基金,0.13,0.39,0.75,1.06,1.42,2.8,4.12,5.43,53.5
超越變額萬能壽險<已停售/暫時停止銷售>,UL0002,復華傳家基金,6.53,-1.05,45.63,71.91,107.06,148.11,210.9,202.12,858.4
超越變額萬能壽險<已停售/暫時停止銷售>,UL0003,統一統信證券投資信託基金,10.66,4.34,54.82,96.52,140.35,223.77,326.75,386.0,7868.54
超越變額萬能壽險<已停售/暫時停止銷售>,UL0004,統一強棒基金,0.13,0.4,0.78,1.13,1.53,3.11,4.51,5.91,78.61
超越變額萬能壽險<已停售/暫時停止銷售>,UL0005,台新台灣富貴基金,8.56,0.77,53.03,95.04,142.43,186.43,242.55,246.96,3266.63
超越變額萬能壽險<已停售/暫時停止銷售>,UL0007,富蘭克林坦伯頓全球投資系列美國政府基金,-3.19,-3.89,-2.91,-2.71,-1.57,0.77,10.36,-4.46,81.9
超越變額萬能壽險<已停售/暫時停止銷售>,UL0008,富蘭克林坦伯頓成長基金,-1.29,3.22,10.48,5.67,11.05,26.28,52.06,45.19,-
超越變額萬能壽險<已停售/暫時停止銷售>,UL0009,富蘭克林高科技基金,5.55,5.44,23.33,12.73,13.68,40.59,100.47,41.47,-
超越變額萬能壽險<已停售/暫時停止銷售>,UL0010,安聯歐洲債券基金,-1.15,-1.88,-0.04,-1.39,-0.7,0.13,6.99,-6.32,957.94
超越變額萬能壽險<已停售/暫時停止銷售>,UL0011,安聯全球生物科技基金,1.04,12.63,22.44,17.49,38.59,26.32,45.16,20.52,317.91
超越變額萬能壽險<已停售/暫時停止銷售>,UL0014,富蘭克林坦伯頓全球投資系列全球平衡基金,-3.06,4.17,10.81,14.45,21.56,35.61,57.7,45.62,463.03
超越變額萬能壽險<已停售/暫時停止銷售>,UL0019,宏利台灣動力基金,9.42,1.59,50.19,84.52,121.87,157.02,204.93,242.98,1903.7
超越變額萬能壽險<已停售/暫時停止銷售>,UL0022,安聯全球資源基金,-0.42,8.04,23.25,23.93,53.11,84.57,87.87,111.1,538.02
超越變額萬能壽險<已停售/暫時停止銷售>,UL0023,安聯國際債券基金,0.56,-1.25,0.05,-0.08,0.07,-3.74,1.76,-11.67,604.88
超越變額萬能壽險<已停售/暫時停止銷售>,UL0024,安聯東方入息基金A類股份,4.47,1.45,14.2,30.27,35.26,61.8,89.03,53.36,848.62
超越變額萬能壽險<已停售/暫時停止銷售>,UL0025,安聯小龍基金,1.57,-10.25,19.11,36.62,29.21,54.08,73.73,25.16,-
超越變額萬能壽險<已停售/暫時停止銷售>,UL0027,安聯全球生技趨勢基金,-4.16,9.29,13.66,10.84,31.88,17.36,38.74,23.18,476.6
超越變額萬能壽險<已停售/暫時停止銷售>,UL0028,富蘭克林坦伯頓開發中國家基金,1.75,-0.39,25.91,36.57,47.09,87.57,126.4,80.44,-
超越變額萬能壽險<已停售/暫時停止銷售>,UL0029,富蘭克林坦伯頓全球投資系列東歐基金,1.61,11.1,29.85,31.54,41.11,69.67,117.31,-21.28,122.49
超越變額萬能壽險<已停售/暫時停止銷售>,UL0030,台新2000高科技證券投資信託基金,7.86,2.63,48.15,103.63,146.53,214.51,333.09,377.51,2762.7
超越變額萬能壽險<已停售/暫時停止銷售>,UL0035,富蘭克林坦伯頓全球投資系列拉丁美洲基金,1.53,4.41,-0.43,16.18,25.6,50.14,46.91,62.47,828.28
超越變額萬能壽險<已停售/暫時停止銷售>,UL0036,富蘭克林坦伯頓全球投資系列潛力歐洲基金,-3.02,-0.44,9.75,9.19,15.57,36.59,61.24,61.93,281.5
超越變額萬能壽險<已停售/暫時停止銷售>,UL0037,富蘭克林坦伯頓全球投資系列全球債券基金(美元計價),-1.94,0.95,3.01,2.77,4.07,5.94,14.27,2.0,-
超越變額萬能壽險<已停售/暫時停止銷售>,UL0038,富蘭克林坦伯頓全球投資系列新興國家固定收益基金,-2.08,0.33,4.82,5.46,11.74,26.62,48.09,25.61,-
超越變額萬能壽險<已停售/暫時停止銷售>,UL0048,iShares S&P Global 100 Index Fund,0.01,8.3,23.55,14.37,22.24,48.69,102.92,115.23,574.92
優越變額萬能終身壽險<已停售/暫時停止銷售>,UL0001,復華貨幣市場證券投資信託基金,0.13,0.39,0.75,1.06,1.42,2.8,4.12,5.43,53.5
優越變額萬能終身壽險<已停售/暫時停止銷售>,UL0002,復華傳家基金,6.53,-1.05,45.63,71.91,107.06,148.11,210.9,202.12,858.4
優越變額萬能終身壽險<已停售/暫時停止銷售>,UL0003,統一統信證券投資信託基金,10.66,4.34,54.82,96.52,140.35,223.77,326.75,386.0,7868.54
優越變額萬能終身壽險<已停售/暫時停止銷售>,UL0004,統一強棒基金,0.13,0.4,0.78,1.13,1.53,3.11,4.51,5.91,78.61
優越變額萬能終身壽險<已停售/暫時停止銷售>,UL0005,台新台灣富貴基金,8.56,0.77,53.03,95.04,142.43,186.43,242.55,246.96,3266.63
優越變額萬能終身壽險<已停售/暫時停止銷售>,UL0007,富蘭克林坦伯頓全球投資系列美國政府基金,-3.19,-3.89,-2.91,-2.71,-1.57,0.77,10.36,-4.46,81.9
優越變額萬能終身壽險<已停售/暫時停止銷售>,UL0008,富蘭克林坦伯頓成長基金,-1.29,3.22,10.48,5.67,11.05,26.28,52.06,45.19,-
優越變額萬能終身壽險<已停售/暫時停止銷售>,UL0009,富蘭克林高科技基金,5.55,5.44,23.33,12.73,13.68,40.59,100.47,41.47,-
優越變額萬能終身壽險<已停售/暫時停止銷售>,UL0010,安聯歐洲債券基金,-1.15,-1.88,-0.04,-1.39,-0.7,0.13,6.99,-6.32,957.94
優越變額萬能終身壽險<已停售/暫時停止銷售>,UL0011,安聯全球生物科技基金,1.04,12.63,22.44,17.49,38.59,26.32,45.16,20.52,317.91
優越變額萬能終身壽險<已停售/暫時停止銷售>,UL0014,富蘭克林坦伯頓全球投資系列全球平衡基金,-3.06,4.17,10.81,14.45,21.56,35.61,57.7,45.62,463.03
優越變額萬能終身壽險<已停售/暫時停止銷售>,UL0019,宏利台灣動力基金,9.42,1.59,50.19,84.52,121.87,157.02,204.93,242.98,1903.7
優越變額萬能終身壽險<已停售/暫時停止銷售>,UL0022,安聯全球資源基金,-0.42,8.04,23.25,23.93,53.11,84.57,87.87,111.1,538.02
優越變額萬能終身壽險<已停售/暫時停止銷售>,UL0023,安聯國際債券基金,0.56,-1.25,0.05,-0.08,0.07,-3.74,1.76,-11.67,604.88
優越變額萬能終身壽險<已停售/暫時停止銷售>,UL0024,安聯東方入息基金A類股份,4.47,1.45,14.2,30.27,35.26,61.8,89.03,53.36,848.62
優越變額萬能終身壽險<已停售/暫時停止銷售>,UL0025,安聯小龍基金,1.57,-10.25,19.11,36.62,29.21,54.08,73.73,25.16,-
優越變額萬能終身壽險<已停售/暫時停止銷售>,UL0027,安聯全球生技趨勢基金,-4.16,9.29,13.66,10.84,31.88,17.36,38.74,23.18,476.6
優越變額萬能終身壽險<已停售/暫時停止銷售>,UL0028,富蘭克林坦伯頓開發中國家基金,1.75,-0.39,25.91,36.57,47.09,87.57,126.4,80.44,-
優越變額萬能終身壽險<已停售/暫時停止銷售>,UL0029,富蘭克林坦伯頓全球投資系列東歐基金,1.61,11.1,29.85,31.54,41.11,69.67,117.31,-21.28,122.49
優越變額萬能終身壽險<已停售/暫時停止銷售>,UL0030,台新2000高科技證券投資信託基金,7.86,2.63,48.15,103.63,146.53,214.51,333.09,377.51,2762.7
優越變額萬能終身壽險<已停售/暫時停止銷售>,UL0035,富蘭克林坦伯頓全球投資系列拉丁美洲基金,1.53,4.41,-0.43,16.18,25.6,50.14,46.91,62.47,828.28
優越變額萬能終身壽險<已停售/暫時停止銷售>,UL0036,富蘭克林坦伯頓全球投資系列潛力歐洲基金,-3.02,-0.44,9.75,9.19,15.57,36.59,61.24,61.93,281.5
優越變額萬能終身壽險<已停售/暫時停止銷售>,UL0037,富蘭克林坦伯頓全球投資系列全球債券基金(美元計價),-1.94,0.95,3.01,2.77,4.07,5.94,14.27,2.0,-
優越變額萬能終身壽險<已停售/暫時停止銷售>,UL0038,富蘭克林坦伯頓全球投資系列新興國家固定收益基金,-2.08,0.33,4.82,5.46,11.74,26.62,48.09,25.61,-
優越變額萬能終身壽險<已停售/暫時停止銷售>,UL0039,富蘭克林坦伯頓全球投資系列互利歐洲基金,-1.94,4.02,10.74,10.27,18.49,33.59,52.99,67.67,292.42
優越變額萬能終身壽險<已停售/暫時停止銷售>,UL0040,富蘭克林坦伯頓全球投資系列亞洲債券基金,-0.55,3.5,2.07,0.22,-0.02,-2.01,6.23,-6.09,62.62
優越變額萬能終身壽險<已停售/暫時停止銷售>,UL0041,富蘭克林坦伯頓全球投資系列歐洲非投資等級債券基金,-1.53,-1.22,1.1,-0.06,0.33,6.31,17.59,10.65,90.1
優越變額萬能終身壽險<已停售/暫時停止銷售>,UL0042,富蘭克林坦伯頓全球投資系列印度基金,-5.08,-0.37,4.12,-12.84,-11.81,-21.67,6.74,5.95,489.0
優越變額萬能終身壽險<已停售/暫時停止銷售>,UL0043,統一亞太證券投資信託基金,5.89,-13.85,48.43,78.55,105.33,138.42,185.19,153.77,909.0
優越變額萬能終身壽險<已停售/暫時停止銷售>,UL0044,統一強漢證券投資信託基金,5.1,-15.94,47.59,78.38,75.41,124.9,154.15,140.91,1250.3
優越變額萬能終身壽險<已停售/暫時停止銷售>,UL0045,富蘭克林坦伯頓全球投資系列金磚國家基金,-1.13,5.36,7.21,5.83,4.85,37.37,65.9,22.74,181.2
優越變額萬能終身壽險<已停售/暫時停止銷售>,UL0046,富蘭克林坦伯頓全球投資系列大中華基金,-5.2,-2.4,-6.75,-11.39,-14.23,20.52,14.01,-34.44,127.9
優越變額萬能終身壽險<已停售/暫時停止銷售>,UL0047,台新中國通基金,14.0,0.54,55.62,106.6,156.24,222.91,360.35,409.49,4405.9
優越變額萬能終身壽險<已停售/暫時停止銷售>,UL0048,iShares S&P Global 100 Index Fund,0.01,8.3,23.55,14.37,22.24,48.69,102.92,115.23,574.92
(超)(真)月月享福外幣變額壽險<已停售/暫時停止銷售>,ABU051,委託聯博投資帳戶－雙重防護型（現金撥回）(全權委託帳戶之資產撥回機制來源可能為本金)(撥回率或撥回金額非固定),-0.83,0.64,7.79,5.17,6.86,14.09,32.75,14.35,35.65
(超)(真)月月享福外幣變額壽險<已停售/暫時停止銷售>,ABU052,委託聯博投資帳戶－雙重防護型（單位撥回）(全權委託帳戶之資產撥回機制來源可能為本金)(撥回率或撥回金額非固定),-0.83,0.64,7.79,5.17,6.86,14.09,32.75,14.35,35.65
(超)(真)月月享福外幣變額壽險<已停售/暫時停止銷售>,ACU010,委託國泰投資帳戶－ＨＥＲＯ成長趨勢組合（現金撥回）(全權委託帳戶之資產撥回機制來源可能為本金)(撥回率或撥回金額非固定),0.05,-1.61,10.28,10.11,11.97,22.74,41.57,15.75,41.65
(超)(真)月月享福外幣變額壽險<已停售/暫時停止銷售>,ACU011,委託國泰投資帳戶－ＨＥＲＯ成長趨勢組合（單位撥回）(全權委託帳戶之資產撥回機制來源可能為本金)(撥回率或撥回金額非固定),0.05,-1.61,10.28,10.11,11.97,22.74,41.57,15.75,43.1
(超)(真)月月享福外幣變額壽險<已停售/暫時停止銷售>,AFU054,富達美元現金基金,0.3,0.92,1.82,2.64,3.72,8.28,14.13,19.89,35.79
(超)(真)月月享福外幣變額壽險<已停售/暫時停止銷售>,AFU056,富達美元現金基金,0.3,0.92,1.82,2.64,3.72,8.28,14.13,19.89,35.79
(超)(真)月月享福外幣變額壽險<已停售/暫時停止銷售>,AMU061,委託摩根投資帳戶─多重幸福 (現金撥回)(全權委託帳戶之資產撥回機制來源可能為本金)(撥回率或撥回金額非固定),-0.27,0.89,9.84,6.79,9.58,18.18,39.78,20.13,47.65
(超)(真)月月享福外幣變額壽險<已停售/暫時停止銷售>,AMU062,委託摩根投資帳戶─多重幸福 (單位撥回)(全權委託帳戶之資產撥回機制來源可能為本金)(撥回率或撥回金額非固定),-0.27,0.89,9.84,6.79,9.58,18.18,39.78,20.13,47.65
(超)(真)月月享福外幣變額壽險<已停售/暫時停止銷售>,AWU017,委託安聯投資帳戶－智慧收益組合（現金撥回）(全權委託帳戶之資產撥回機制來源可能為本金)(撥回率或撥回金額非固定),-0.25,0.87,9.42,7.17,11.11,23.06,42.27,23.88,31.75
(超)(真)月月享福外幣變額壽險<已停售/暫時停止銷售>,AWU018,委託安聯投資帳戶─智慧收益組合（單位撥回）(全權委託帳戶之資產撥回機制來源可能為本金)(撥回率或撥回金額非固定),-0.25,0.87,9.42,7.17,11.11,23.06,42.27,23.88,31.75
(超)(真)月月享福外幣變額壽險<已停售/暫時停止銷售>,BRU027,貝萊德美元儲備基金,0.25,0.82,1.65,2.39,3.41,7.65,13.18,18.6,-
(超)(真)月月享福外幣變額壽險<已停售/暫時停止銷售>,BSU047,委託施羅德投資帳戶－全球多元主動管理型（現金撥回）(全權委託帳戶之資產撥回機制來源可能為本金)(撥回率或撥回金額非固定),-0.09,2.61,13.62,11.68,15.01,29.15,49.35,26.77,46.95
(超)(真)月月享福外幣變額壽險<已停售/暫時停止銷售>,BSU048,委託施羅德投資帳戶－全球多元主動管理型（單位撥回）(全權委託帳戶之資產撥回機制來源可能為本金)(撥回率或撥回金額非固定),-0.09,2.61,13.62,11.68,15.01,29.15,49.35,26.77,46.95
Hen(享)好野變額壽險<已停售/暫時停止銷售>,ABU051,委託聯博投資帳戶－雙重防護型（現金撥回）(全權委託帳戶之資產撥回機制來源可能為本金)(撥回率或撥回金額非固定),-0.83,0.64,7.79,5.17,6.86,14.09,32.75,14.35,35.65
Hen(享)好野變額壽險<已停售/暫時停止銷售>,ABU052,委託聯博投資帳戶－雙重防護型（單位撥回）(全權委託帳戶之資產撥回機制來源可能為本金)(撥回率或撥回金額非固定),-0.83,0.64,7.79,5.17,6.86,14.09,32.75,14.35,35.65
Hen(享)好野變額壽險<已停售/暫時停止銷售>,ACT002,國泰台灣貨幣市場基金,0.14,0.42,0.8,1.14,1.53,3.03,4.37,5.77,32.77
Hen(享)好野變額壽險<已停售/暫時停止銷售>,ACU010,委託國泰投資帳戶－ＨＥＲＯ成長趨勢組合（現金撥回）(全權委託帳戶之資產撥回機制來源可能為本金)(撥回率或撥回金額非固定),0.05,-1.61,10.28,10.11,11.97,22.74,41.57,15.75,41.65
Hen(享)好野變額壽險<已停售/暫時停止銷售>,ACU011,委託國泰投資帳戶－ＨＥＲＯ成長趨勢組合（單位撥回）(全權委託帳戶之資產撥回機制來源可能為本金)(撥回率或撥回金額非固定),0.05,-1.61,10.28,10.11,11.97,22.74,41.57,15.75,43.1
Hen(享)好野變額壽險<已停售/暫時停止銷售>,AFU056,富達美元現金基金,0.3,0.92,1.82,2.64,3.72,8.28,14.13,19.89,35.79
Hen(享)好野變額壽險<已停售/暫時停止銷售>,AMU061,委託摩根投資帳戶─多重幸福 (現金撥回)(全權委託帳戶之資產撥回機制來源可能為本金)(撥回率或撥回金額非固定),-0.27,0.89,9.84,6.79,9.58,18.18,39.78,20.13,47.65
Hen(享)好野變額壽險<已停售/暫時停止銷售>,AMU062,委託摩根投資帳戶─多重幸福 (單位撥回)(全權委託帳戶之資產撥回機制來源可能為本金)(撥回率或撥回金額非固定),-0.27,0.89,9.84,6.79,9.58,18.18,39.78,20.13,47.65
Hen(享)好野變額壽險<已停售/暫時停止銷售>,AWU017,委託安聯投資帳戶－智慧收益組合（現金撥回）(全權委託帳戶之資產撥回機制來源可能為本金)(撥回率或撥回金額非固定),-0.25,0.87,9.42,7.17,11.11,23.06,42.27,23.88,31.75
Hen(享)好野變額壽險<已停售/暫時停止銷售>,AWU018,委託安聯投資帳戶─智慧收益組合（單位撥回）(全權委託帳戶之資產撥回機制來源可能為本金)(撥回率或撥回金額非固定),-0.25,0.87,9.42,7.17,11.11,23.06,42.27,23.88,31.75
Hen(享)好野變額壽險<已停售/暫時停止銷售>,BRU027,貝萊德美元儲備基金,0.25,0.82,1.65,2.39,3.41,7.65,13.18,18.6,-
Hen(享)好野變額壽險<已停售/暫時停止銷售>,BSU047,委託施羅德投資帳戶－全球多元主動管理型（現金撥回）(全權委託帳戶之資產撥回機制來源可能為本金)(撥回率或撥回金額非固定),-0.09,2.61,13.62,11.68,15.01,29.15,49.35,26.77,46.95
Hen(享)好野變額壽險<已停售/暫時停止銷售>,BSU048,委託施羅德投資帳戶－全球多元主動管理型（單位撥回）(全權委託帳戶之資產撥回機制來源可能為本金)(撥回率或撥回金額非固定),-0.09,2.61,13.62,11.68,15.01,29.15,49.35,26.77,46.95
卓越理財變額萬能壽險《101/7/12(不含)前的有效契約》<已停售/暫時停止銷售>,查無資料,查無資料,查無資料,查無資料,查無資料,查無資料,查無資料,查無資料,查無資料,查無資料,查無資料
(真)(新)卓越理財變額萬能壽險(含雙平台投資標的批註)<已停售/暫時停止銷售>,查無資料,查無資料,查無資料,查無資料,查無資料,查無資料,查無資料,查無資料,查無資料,查無資料,查無資料
月月永溢變額壽險,ABU061,委託聯博投資帳戶-雙重防護型(新現金撥回)(全權委託帳戶之資產撥回機制來源可能為本金)(撥回率或撥回金額非固定),-0.77,0.67,7.79,5.17,6.92,13.26,28.24,-,28.24
月月永溢變額壽險,ABU064,聯博全球永續多元資產基金(美元避險累積),-1.08,0.15,7.58,3.97,4.89,8.33,28.0,15.6,34.4
月月永溢變額壽險,ACT002,國泰台灣貨幣市場基金,0.14,0.42,0.8,1.14,1.53,3.03,4.37,5.77,32.77
月月永溢變額壽險,ACT026,國泰台灣貨幣市場基金,0.14,0.42,0.8,1.14,1.53,3.03,4.37,5.77,32.77
月月永溢變額壽險,ACT046,國泰美國ESG基金,0.94,-3.53,18.08,18.36,29.33,31.35,73.37,-,94.0
月月永溢變額壽險,ACT048,委託國泰投資帳戶-泰享利台幣投資組合(新現金撥回)(全權委託帳戶之資產撥回機制來源可能為本金)(撥回率或撥回金額非固定),3.37,-4.54,28.39,43.2,59.34,74.34,93.67,-,90.75
月月永溢變額壽險,ACU022,委託國泰投資帳戶-ＨＥＲＯ成長趨勢組合(新現金撥回)(全權委託帳戶之資產撥回機制來源可能為本金)(撥回率或撥回金額非固定),0.02,-1.47,10.32,9.94,11.48,21.58,34.25,-,34.25
月月永溢變額壽險,AFU028,富達永續發展全球健康護理基金,-3.51,2.6,6.45,-3.29,7.95,-11.86,6.36,-6.65,152.6
月月永溢變額壽險,AFU056,富達美元現金基金,0.3,0.92,1.82,2.64,3.72,8.28,14.13,19.89,35.79
月月永溢變額壽險,AFU062,富達全球人口商機基金,-0.61,3.0,13.96,6.7,10.87,16.39,42.39,15.71,260.1
月月永溢變額壽險,AFU068,富達永續發展水資源暨環保趨勢基金(美元累積),-5.37,-5.06,-0.14,-1.55,0.21,-1.48,21.8,-6.15,46.4
月月永溢變額壽險,AMU074,委託摩根投資帳戶-全球前瞻組合(新現金撥回)(全權委託帳戶之資產撥回機制來源可能為本金)(撥回率或撥回金額非固定),-0.08,1.38,11.33,7.87,10.54,19.12,40.59,-,34.82
月月永溢變額壽險,AWT003,安聯臺灣貨幣市場基金(新臺幣累積),0.14,0.41,0.8,1.13,1.52,3.03,4.42,6.02,34.06
月月永溢變額壽險,AWU023,安聯綠色債券基金,-1.87,-3.22,-1.28,-1.82,-1.13,1.52,12.04,-9.93,4.39
月月永溢變額壽險,AWU026,委託安聯投資帳戶-智慧收益組合(新現金撥回)(全權委託帳戶之資產撥回機制來源可能為本金)(撥回率或撥回金額非固定),-0.28,0.82,9.38,6.97,10.59,21.86,40.17,-,34.83
月月永溢變額壽險,AWU027,安聯智慧新能源基金(美元累積),-5.19,-11.88,1.93,5.92,15.57,30.81,34.66,1.46,86.07
月月永溢變額壽險,BSU056,施羅德環球永續增長基金,-1.34,6.62,20.06,10.36,15.16,21.65,56.61,42.4,390.54
月月永溢變額壽險,BSU062,施羅德環球環球氣候變化策略基金,-3.33,-3.1,6.92,5.63,10.69,20.79,44.97,13.43,206.97
月月永溢變額壽險,BSU063,施羅德環球環球能源轉型股票基金,-6.91,-11.27,-0.24,-0.23,8.09,10.51,3.86,-19.89,69.95
月月永溢變額壽險,BSU065,委託施羅德投資帳戶-多元資產成長增值型(新現金撥回)(全權委託帳戶之資產撥回機制來源可能為本金)(撥回率或撥回金額非固定),0.42,1.07,12.25,10.69,13.61,25.52,46.27,-,39.79
月月永溢變額壽險,PIU005,委託PIMCO品浩太平洋投顧投資帳戶-優質因子組合(新現金撥回)(全權委託帳戶之資產撥回機制來源可能為本金)(撥回率或撥回金額非固定),-0.87,0.65,8.31,5.54,8.1,15.27,33.88,-,31.22
月月永溢外幣變額壽險,ABU061,委託聯博投資帳戶-雙重防護型(新現金撥回)(全權委託帳戶之資產撥回機制來源可能為本金)(撥回率或撥回金額非固定),-0.77,0.67,7.79,5.17,6.92,13.26,28.24,-,28.24
月月永溢外幣變額壽險,ABU064,聯博全球永續多元資產基金(美元避險累積),-1.08,0.15,7.58,3.97,4.89,8.33,28.0,15.6,34.4
月月永溢外幣變額壽險,ACU022,委託國泰投資帳戶-ＨＥＲＯ成長趨勢組合(新現金撥回)(全權委託帳戶之資產撥回機制來源可能為本金)(撥回率或撥回金額非固定),0.02,-1.47,10.32,9.94,11.48,21.58,34.25,-,34.25
月月永溢外幣變額壽險,ACU023,國泰美國ESG基金(美元累積),1.33,-3.82,19.46,17.27,23.51,32.67,75.52,-,69.09
月月永溢外幣變額壽險,AFU028,富達永續發展全球健康護理基金,-3.51,2.6,6.45,-3.29,7.95,-11.86,6.36,-6.65,152.6
月月永溢外幣變額壽險,AFU054,富達美元現金基金,0.3,0.92,1.82,2.64,3.72,8.28,14.13,19.89,35.79
月月永溢外幣變額壽險,AFU056,富達美元現金基金,0.3,0.92,1.82,2.64,3.72,8.28,14.13,19.89,35.79
月月永溢外幣變額壽險,AFU062,富達全球人口商機基金,-0.61,3.0,13.96,6.7,10.87,16.39,42.39,15.71,260.1
月月永溢外幣變額壽險,AFU068,富達永續發展水資源暨環保趨勢基金(美元累積),-5.37,-5.06,-0.14,-1.55,0.21,-1.48,21.8,-6.15,46.4
月月永溢外幣變額壽險,AMU074,委託摩根投資帳戶-全球前瞻組合(新現金撥回)(全權委託帳戶之資產撥回機制來源可能為本金)(撥回率或撥回金額非固定),-0.08,1.38,11.33,7.87,10.54,19.12,40.59,-,34.82
月月永溢外幣變額壽險,AWU023,安聯綠色債券基金,-1.87,-3.22,-1.28,-1.82,-1.13,1.52,12.04,-9.93,4.39
月月永溢外幣變額壽險,AWU026,委託安聯投資帳戶-智慧收益組合(新現金撥回)(全權委託帳戶之資產撥回機制來源可能為本金)(撥回率或撥回金額非固定),-0.28,0.82,9.38,6.97,10.59,21.86,40.17,-,34.83
月月永溢外幣變額壽險,AWU027,安聯智慧新能源基金(美元累積),-5.19,-11.88,1.93,5.92,15.57,30.81,34.66,1.46,86.07
月月永溢外幣變額壽險,BRU027,貝萊德美元儲備基金,0.25,0.82,1.65,2.39,3.41,7.65,13.18,18.6,-
月月永溢外幣變額壽險,BSU056,施羅德環球永續增長基金,-1.34,6.62,20.06,10.36,15.16,21.65,56.61,42.4,390.54
月月永溢外幣變額壽險,BSU062,施羅德環球環球氣候變化策略基金,-3.33,-3.1,6.92,5.63,10.69,20.79,44.97,13.43,206.97
月月永溢外幣變額壽險,BSU063,施羅德環球環球能源轉型股票基金,-6.91,-11.27,-0.24,-0.23,8.09,10.51,3.86,-19.89,69.95
月月永溢外幣變額壽險,BSU065,委託施羅德投資帳戶-多元資產成長增值型(新現金撥回)(全權委託帳戶之資產撥回機制來源可能為本金)(撥回率或撥回金額非固定),0.42,1.07,12.25,10.69,13.61,25.52,46.27,-,39.79
月月永溢外幣變額壽險,PIU005,委託PIMCO品浩太平洋投顧投資帳戶-優質因子組合(新現金撥回)(全權委託帳戶之資產撥回機制來源可能為本金)(撥回率或撥回金額非固定),-0.87,0.65,8.31,5.54,8.1,15.27,33.88,-,31.22
月月永溢變額年金保險<已停售/暫時停止銷售>,ABU061,委託聯博投資帳戶-雙重防護型(新現金撥回)(全權委託帳戶之資產撥回機制來源可能為本金)(撥回率或撥回金額非固定),-0.77,0.67,7.79,5.17,6.92,13.26,28.24,-,28.24
月月永溢變額年金保險<已停售/暫時停止銷售>,ABU064,聯博全球永續多元資產基金(美元避險累積),-1.08,0.15,7.58,3.97,4.89,8.33,28.0,15.6,34.4
月月永溢變額年金保險<已停售/暫時停止銷售>,ACT002,國泰台灣貨幣市場基金,0.14,0.42,0.8,1.14,1.53,3.03,4.37,5.77,32.77
月月永溢變額年金保險<已停售/暫時停止銷售>,ACT026,國泰台灣貨幣市場基金,0.14,0.42,0.8,1.14,1.53,3.03,4.37,5.77,32.77
月月永溢變額年金保險<已停售/暫時停止銷售>,ACT046,國泰美國ESG基金,0.94,-3.53,18.08,18.36,29.33,31.35,73.37,-,94.0
月月永溢變額年金保險<已停售/暫時停止銷售>,ACT048,委託國泰投資帳戶-泰享利台幣投資組合(新現金撥回)(全權委託帳戶之資產撥回機制來源可能為本金)(撥回率或撥回金額非固定),3.37,-4.54,28.39,43.2,59.34,74.34,93.67,-,90.75
月月永溢變額年金保險<已停售/暫時停止銷售>,ACU022,委託國泰投資帳戶-ＨＥＲＯ成長趨勢組合(新現金撥回)(全權委託帳戶之資產撥回機制來源可能為本金)(撥回率或撥回金額非固定),0.02,-1.47,10.32,9.94,11.48,21.58,34.25,-,34.25
月月永溢變額年金保險<已停售/暫時停止銷售>,AFU028,富達永續發展全球健康護理基金,-3.51,2.6,6.45,-3.29,7.95,-11.86,6.36,-6.65,152.6
月月永溢變額年金保險<已停售/暫時停止銷售>,AFU056,富達美元現金基金,0.3,0.92,1.82,2.64,3.72,8.28,14.13,19.89,35.79
月月永溢變額年金保險<已停售/暫時停止銷售>,AFU062,富達全球人口商機基金,-0.61,3.0,13.96,6.7,10.87,16.39,42.39,15.71,260.1
月月永溢變額年金保險<已停售/暫時停止銷售>,AFU068,富達永續發展水資源暨環保趨勢基金(美元累積),-5.37,-5.06,-0.14,-1.55,0.21,-1.48,21.8,-6.15,46.4
月月永溢變額年金保險<已停售/暫時停止銷售>,AMU074,委託摩根投資帳戶-全球前瞻組合(新現金撥回)(全權委託帳戶之資產撥回機制來源可能為本金)(撥回率或撥回金額非固定),-0.08,1.38,11.33,7.87,10.54,19.12,40.59,-,34.82
月月永溢變額年金保險<已停售/暫時停止銷售>,AWT003,安聯臺灣貨幣市場基金(新臺幣累積),0.14,0.41,0.8,1.13,1.52,3.03,4.42,6.02,34.06
月月永溢變額年金保險<已停售/暫時停止銷售>,AWU023,安聯綠色債券基金,-1.87,-3.22,-1.28,-1.82,-1.13,1.52,12.04,-9.93,4.39
月月永溢變額年金保險<已停售/暫時停止銷售>,AWU026,委託安聯投資帳戶-智慧收益組合(新現金撥回)(全權委託帳戶之資產撥回機制來源可能為本金)(撥回率或撥回金額非固定),-0.28,0.82,9.38,6.97,10.59,21.86,40.17,-,34.83
月月永溢變額年金保險<已停售/暫時停止銷售>,AWU027,安聯智慧新能源基金(美元累積),-5.19,-11.88,1.93,5.92,15.57,30.81,34.66,1.46,86.07
月月永溢變額年金保險<已停售/暫時停止銷售>,BSU056,施羅德環球永續增長基金,-1.34,6.62,20.06,10.36,15.16,21.65,56.61,42.4,390.54
月月永溢變額年金保險<已停售/暫時停止銷售>,BSU062,施羅德環球環球氣候變化策略基金,-3.33,-3.1,6.92,5.63,10.69,20.79,44.97,13.43,206.97
月月永溢變額年金保險<已停售/暫時停止銷售>,BSU063,施羅德環球環球能源轉型股票基金,-6.91,-11.27,-0.24,-0.23,8.09,10.51,3.86,-19.89,69.95
月月永溢變額年金保險<已停售/暫時停止銷售>,BSU065,委託施羅德投資帳戶-多元資產成長增值型(新現金撥回)(全權委託帳戶之資產撥回機制來源可能為本金)(撥回率或撥回金額非固定),0.42,1.07,12.25,10.69,13.61,25.52,46.27,-,39.79
月月永溢變額年金保險<已停售/暫時停止銷售>,PIU005,委託PIMCO品浩太平洋投顧投資帳戶-優質因子組合(新現金撥回)(全權委託帳戶之資產撥回機制來源可能為本金)(撥回率或撥回金額非固定),-0.87,0.65,8.31,5.54,8.1,15.27,33.88,-,31.22
月月永溢外幣變額年金保險<已停售/暫時停止銷售>,ABU061,委託聯博投資帳戶-雙重防護型(新現金撥回)(全權委託帳戶之資產撥回機制來源可能為本金)(撥回率或撥回金額非固定),-0.77,0.67,7.79,5.17,6.92,13.26,28.24,-,28.24
月月永溢外幣變額年金保險<已停售/暫時停止銷售>,ABU064,聯博全球永續多元資產基金(美元避險累積),-1.08,0.15,7.58,3.97,4.89,8.33,28.0,15.6,34.4
月月永溢外幣變額年金保險<已停售/暫時停止銷售>,ACU022,委託國泰投資帳戶-ＨＥＲＯ成長趨勢組合(新現金撥回)(全權委託帳戶之資產撥回機制來源可能為本金)(撥回率或撥回金額非固定),0.02,-1.47,10.32,9.94,11.48,21.58,34.25,-,34.25
月月永溢外幣變額年金保險<已停售/暫時停止銷售>,ACU023,國泰美國ESG基金(美元累積),1.33,-3.82,19.46,17.27,23.51,32.67,75.52,-,69.09
月月永溢外幣變額年金保險<已停售/暫時停止銷售>,AFU028,富達永續發展全球健康護理基金,-3.51,2.6,6.45,-3.29,7.95,-11.86,6.36,-6.65,152.6
月月永溢外幣變額年金保險<已停售/暫時停止銷售>,AFU054,富達美元現金基金,0.3,0.92,1.82,2.64,3.72,8.28,14.13,19.89,35.79
月月永溢外幣變額年金保險<已停售/暫時停止銷售>,AFU056,富達美元現金基金,0.3,0.92,1.82,2.64,3.72,8.28,14.13,19.89,35.79
月月永溢外幣變額年金保險<已停售/暫時停止銷售>,AFU062,富達全球人口商機基金,-0.61,3.0,13.96,6.7,10.87,16.39,42.39,15.71,260.1
月月永溢外幣變額年金保險<已停售/暫時停止銷售>,AFU068,富達永續發展水資源暨環保趨勢基金(美元累積),-5.37,-5.06,-0.14,-1.55,0.21,-1.48,21.8,-6.15,46.4
月月永溢外幣變額年金保險<已停售/暫時停止銷售>,AMU074,委託摩根投資帳戶-全球前瞻組合(新現金撥回)(全權委託帳戶之資產撥回機制來源可能為本金)(撥回率或撥回金額非固定),-0.08,1.38,11.33,7.87,10.54,19.12,40.59,-,34.82
月月永溢外幣變額年金保險<已停售/暫時停止銷售>,AWU023,安聯綠色債券基金,-1.87,-3.22,-1.28,-1.82,-1.13,1.52,12.04,-9.93,4.39
月月永溢外幣變額年金保險<已停售/暫時停止銷售>,AWU026,委託安聯投資帳戶-智慧收益組合(新現金撥回)(全權委託帳戶之資產撥回機制來源可能為本金)(撥回率或撥回金額非固定),-0.28,0.82,9.38,6.97,10.59,21.86,40.17,-,34.83
月月永溢外幣變額年金保險<已停售/暫時停止銷售>,AWU027,安聯智慧新能源基金(美元累積),-5.19,-11.88,1.93,5.92,15.57,30.81,34.66,1.46,86.07
月月永溢外幣變額年金保險<已停售/暫時停止銷售>,BRU027,貝萊德美元儲備基金,0.25,0.82,1.65,2.39,3.41,7.65,13.18,18.6,-
月月永溢外幣變額年金保險<已停售/暫時停止銷售>,BSU056,施羅德環球永續增長基金,-1.34,6.62,20.06,10.36,15.16,21.65,56.61,42.4,390.54
月月永溢外幣變額年金保險<已停售/暫時停止銷售>,BSU062,施羅德環球環球氣候變化策略基金,-3.33,-3.1,6.92,5.63,10.69,20.79,44.97,13.43,206.97
月月永溢外幣變額年金保險<已停售/暫時停止銷售>,BSU063,施羅德環球環球能源轉型股票基金,-6.91,-11.27,-0.24,-0.23,8.09,10.51,3.86,-19.89,69.95
月月永溢外幣變額年金保險<已停售/暫時停止銷售>,BSU065,委託施羅德投資帳戶-多元資產成長增值型(新現金撥回)(全權委託帳戶之資產撥回機制來源可能為本金)(撥回率或撥回金額非固定),0.42,1.07,12.25,10.69,13.61,25.52,46.27,-,39.79
月月永溢外幣變額年金保險<已停售/暫時停止銷售>,PIU005,委託PIMCO品浩太平洋投顧投資帳戶-優質因子組合(新現金撥回)(全權委託帳戶之資產撥回機制來源可能為本金)(撥回率或撥回金額非固定),-0.87,0.65,8.31,5.54,8.1,15.27,33.88,-,31.22
溢起愛變額萬能壽險<已停售/暫時停止銷售>,ABU009,聯博永續主題基金,-0.33,-0.02,11.18,2.73,0.43,1.4,24.24,-2.88,348.4
溢起愛變額萬能壽險<已停售/暫時停止銷售>,ABU051,委託聯博投資帳戶－雙重防護型（現金撥回）(全權委託帳戶之資產撥回機制來源可能為本金)(撥回率或撥回金額非固定),-0.83,0.64,7.79,5.17,6.86,14.09,32.75,14.35,35.65
溢起愛變額萬能壽險<已停售/暫時停止銷售>,ABU052,委託聯博投資帳戶－雙重防護型（單位撥回）(全權委託帳戶之資產撥回機制來源可能為本金)(撥回率或撥回金額非固定),-0.83,0.64,7.79,5.17,6.86,14.09,32.75,14.35,35.65
溢起愛變額萬能壽險<已停售/暫時停止銷售>,ABU056,聯博美國永續主題基金,-0.17,2.09,14.34,5.72,5.7,7.41,33.65,16.71,-
溢起愛變額萬能壽險<已停售/暫時停止銷售>,ACT002,國泰台灣貨幣市場基金,0.14,0.42,0.8,1.14,1.53,3.03,4.37,5.77,32.77
溢起愛變額萬能壽險<已停售/暫時停止銷售>,ACT045,國泰台灣高股息基金,9.87,6.68,64.21,98.93,129.56,197.17,304.44,423.45,793.0
溢起愛變額萬能壽險<已停售/暫時停止銷售>,ACT046,國泰美國ESG基金,0.94,-3.53,18.08,18.36,29.33,31.35,73.37,-,94.0
溢起愛變額萬能壽險<已停售/暫時停止銷售>,ACU010,委託國泰投資帳戶－ＨＥＲＯ成長趨勢組合（現金撥回）(全權委託帳戶之資產撥回機制來源可能為本金)(撥回率或撥回金額非固定),0.05,-1.61,10.28,10.11,11.97,22.74,41.57,15.75,41.65
溢起愛變額萬能壽險<已停售/暫時停止銷售>,ACU011,委託國泰投資帳戶－ＨＥＲＯ成長趨勢組合（單位撥回）(全權委託帳戶之資產撥回機制來源可能為本金)(撥回率或撥回金額非固定),0.05,-1.61,10.28,10.11,11.97,22.74,41.57,15.75,43.1
溢起愛變額萬能壽險<已停售/暫時停止銷售>,AFU008,富達亞洲股票ESG基金(A股累計美元),0.6,-1.85,20.11,23.18,28.02,52.5,69.43,28.21,339.5
溢起愛變額萬能壽險<已停售/暫時停止銷售>,AFU027,富達全球消費品牌基金,-1.94,1.54,10.82,-1.77,0.64,11.16,34.6,10.6,182.8
溢起愛變額萬能壽險<已停售/暫時停止銷售>,AFU028,富達永續發展全球健康護理基金,-3.51,2.6,6.45,-3.29,7.95,-11.86,6.36,-6.65,152.6
溢起愛變額萬能壽險<已停售/暫時停止銷售>,AFU056,富達美元現金基金,0.3,0.92,1.82,2.64,3.72,8.28,14.13,19.89,35.79
溢起愛變額萬能壽險<已停售/暫時停止銷售>,AFU062,富達全球人口商機基金,-0.61,3.0,13.96,6.7,10.87,16.39,42.39,15.71,260.1
溢起愛變額萬能壽險<已停售/暫時停止銷售>,AFU065,富達日本價值基金(美元避險累積),0.7,-3.96,11.48,23.45,39.78,82.82,112.05,189.77,443.9
溢起愛變額萬能壽險<已停售/暫時停止銷售>,AGT026,野村優質基金(新臺幣累積),5.7,12.12,69.39,120.83,155.26,258.31,338.11,422.01,4989.1
溢起愛變額萬能壽險<已停售/暫時停止銷售>,ALU008,景順永續性歐洲數據趨動基金(美元對沖),-2.41,-0.15,9.99,9.67,16.58,28.39,56.98,61.08,158.7
溢起愛變額萬能壽險<已停售/暫時停止銷售>,ALU009,景順永續性歐洲數據趨動基金(每月配息)(美元對沖),-2.37,-0.12,9.97,9.69,16.7,28.46,57.02,61.24,120.27
溢起愛變額萬能壽險<已停售/暫時停止銷售>,AMU022,摩根多重收益基金（每月派息）,-1.43,-0.3,5.69,6.28,9.38,16.63,35.91,24.34,108.46
溢起愛變額萬能壽險<已停售/暫時停止銷售>,AMU038,摩根多重收益基金,-1.43,-0.3,5.68,6.27,9.36,16.6,35.89,24.35,121.12
溢起愛變額萬能壽險<已停售/暫時停止銷售>,AMU061,委託摩根投資帳戶─多重幸福 (現金撥回)(全權委託帳戶之資產撥回機制來源可能為本金)(撥回率或撥回金額非固定),-0.27,0.89,9.84,6.79,9.58,18.18,39.78,20.13,47.65
溢起愛變額萬能壽險<已停售/暫時停止銷售>,AMU062,委託摩根投資帳戶─多重幸福 (單位撥回)(全權委託帳戶之資產撥回機制來源可能為本金)(撥回率或撥回金額非固定),-0.27,0.89,9.84,6.79,9.58,18.18,39.78,20.13,47.65
溢起愛變額萬能壽險<已停售/暫時停止銷售>,AMU064,摩根環球債券收益基金,-1.74,-1.3,0.08,-0.17,1.05,6.31,17.41,7.92,44.77
溢起愛變額萬能壽險<已停售/暫時停止銷售>,AMU065,摩根環球債券收益基金（每月配息）,-1.76,-1.32,0.07,-0.19,1.1,6.3,17.44,7.96,44.92
溢起愛變額萬能壽險<已停售/暫時停止銷售>,AMU067,摩根美國企業成長基金,4.33,3.21,13.51,3.83,4.8,24.73,78.06,60.98,922.4
溢起愛變額萬能壽險<已停售/暫時停止銷售>,ANU019,晉達環球環境基金,-4.94,-5.67,5.58,6.29,8.12,15.44,30.77,-3.95,66.4
溢起愛變額萬能壽險<已停售/暫時停止銷售>,AWU013,安聯收益成長基金,-0.7,-1.39,6.29,5.5,8.23,18.65,38.97,23.6,206.91
溢起愛變額萬能壽險<已停售/暫時停止銷售>,AWU017,委託安聯投資帳戶－智慧收益組合（現金撥回）(全權委託帳戶之資產撥回機制來源可能為本金)(撥回率或撥回金額非固定),-0.25,0.87,9.42,7.17,11.11,23.06,42.27,23.88,31.75
溢起愛變額萬能壽險<已停售/暫時停止銷售>,AWU018,委託安聯投資帳戶─智慧收益組合（單位撥回）(全權委託帳戶之資產撥回機制來源可能為本金)(撥回率或撥回金額非固定),-0.25,0.87,9.42,7.17,11.11,23.06,42.27,23.88,31.75
溢起愛變額萬能壽險<已停售/暫時停止銷售>,BRU004,貝萊德環球資產配置基金,-1.5,0.61,8.38,6.03,10.59,22.5,47.41,28.04,604.64
溢起愛變額萬能壽險<已停售/暫時停止銷售>,BRU020,貝萊德世界健康科學基金,-3.4,6.02,11.52,5.35,18.58,6.97,26.49,22.38,-
溢起愛變額萬能壽險<已停售/暫時停止銷售>,BRU021,貝萊德永續能源基金,-4.18,-9.42,0.53,9.14,19.06,29.9,48.82,24.75,126.8
溢起愛變額萬能壽險<已停售/暫時停止銷售>,BRU027,貝萊德美元儲備基金,0.25,0.82,1.65,2.39,3.41,7.65,13.18,18.6,-
溢起愛變額萬能壽險<已停售/暫時停止銷售>,BRU071,貝萊德ESG社會責任多元資產基金,-0.55,1.44,9.46,9.28,14.65,23.68,40.15,29.57,156.69
溢起愛變額萬能壽險<已停售/暫時停止銷售>,BRU072,貝萊德ESG社會責任多元資產基金(每月配息),-0.52,1.5,9.49,9.34,14.73,23.67,40.24,29.59,60.19
溢起愛變額萬能壽險<已停售/暫時停止銷售>,BSU047,委託施羅德投資帳戶－全球多元主動管理型（現金撥回）(全權委託帳戶之資產撥回機制來源可能為本金)(撥回率或撥回金額非固定),-0.09,2.61,13.62,11.68,15.01,29.15,49.35,26.77,46.95
溢起愛變額萬能壽險<已停售/暫時停止銷售>,BSU048,委託施羅德投資帳戶－全球多元主動管理型（單位撥回）(全權委託帳戶之資產撥回機制來源可能為本金)(撥回率或撥回金額非固定),-0.09,2.61,13.62,11.68,15.01,29.15,49.35,26.77,46.95
溢起愛變額萬能壽險<已停售/暫時停止銷售>,BSU056,施羅德環球永續增長基金,-1.34,6.62,20.06,10.36,15.16,21.65,56.61,42.4,390.54
溢起愛變額萬能壽險<已停售/暫時停止銷售>,BSU063,施羅德環球環球能源轉型股票基金,-6.91,-11.27,-0.24,-0.23,8.09,10.51,3.86,-19.89,69.95
溢起愛變額萬能壽險<已停售/暫時停止銷售>,BSU067,施羅德美國大型股基金(美元累積),-0.32,5.22,15.67,6.11,8.09,30.38,74.61,72.38,307.26
新溢起愛變額萬能壽險,ABU009,聯博永續主題基金,-0.33,-0.02,11.18,2.73,0.43,1.4,24.24,-2.88,348.4
新溢起愛變額萬能壽險,ABU056,聯博美國永續主題基金,-0.17,2.09,14.34,5.72,5.7,7.41,33.65,16.71,-
新溢起愛變額萬能壽險,ABU059,委託聯博投資帳戶-全球多元資產收益型(新現金撥回)(全權委託帳戶之資產撥回機制來源可能為本金)(撥回率或撥回金額非固定),-0.83,1.06,8.59,6.29,8.62,17.18,36.69,-,33.15
新溢起愛變額萬能壽險,ACT002,國泰台灣貨幣市場基金,0.14,0.42,0.8,1.14,1.53,3.03,4.37,5.77,32.77
新溢起愛變額萬能壽險,ACT045,國泰台灣高股息基金,9.87,6.68,64.21,98.93,129.56,197.17,304.44,423.45,793.0
新溢起愛變額萬能壽險,ACT046,國泰美國ESG基金,0.94,-3.53,18.08,18.36,29.33,31.35,73.37,-,94.0
新溢起愛變額萬能壽險,ACU019,委託國泰投資帳戶-SMART股債平衡型(新現金撥回)(全權委託帳戶之資產撥回機制來源可能為本金)(撥回率或撥回金額非固定),-0.57,-0.62,10.92,10.09,12.37,22.03,41.42,-,36.03
新溢起愛變額萬能壽險,AFU008,富達亞洲股票ESG基金(A股累計美元),0.6,-1.85,20.11,23.18,28.02,52.5,69.43,28.21,339.5
新溢起愛變額萬能壽險,AFU027,富達全球消費品牌基金,-1.94,1.54,10.82,-1.77,0.64,11.16,34.6,10.6,182.8
新溢起愛變額萬能壽險,AFU028,富達永續發展全球健康護理基金,-3.51,2.6,6.45,-3.29,7.95,-11.86,6.36,-6.65,152.6
新溢起愛變額萬能壽險,AFU056,富達美元現金基金,0.3,0.92,1.82,2.64,3.72,8.28,14.13,19.89,35.79
新溢起愛變額萬能壽險,AFU062,富達全球人口商機基金,-0.61,3.0,13.96,6.7,10.87,16.39,42.39,15.71,260.1
新溢起愛變額萬能壽險,AFU064,委託富達投資帳戶-全天候入息型(新現金撥回)(全權委託帳戶之資產撥回機制來源可能為本金)(撥回率或撥回金額非固定),-0.39,2.82,12.62,11.09,14.46,19.96,39.5,-,34.19
新溢起愛變額萬能壽險,AFU065,富達日本價值基金(美元避險累積),0.7,-3.96,11.48,23.45,39.78,82.82,112.05,189.77,443.9
新溢起愛變額萬能壽險,AGT026,野村優質基金(新臺幣累積),5.7,12.12,69.39,120.83,155.26,258.31,338.11,422.01,4989.1
新溢起愛變額萬能壽險,ALU008,景順永續性歐洲數據趨動基金(美元對沖),-2.41,-0.15,9.99,9.67,16.58,28.39,56.98,61.08,158.7
新溢起愛變額萬能壽險,ALU009,景順永續性歐洲數據趨動基金(每月配息)(美元對沖),-2.37,-0.12,9.97,9.69,16.7,28.46,57.02,61.24,120.27
新溢起愛變額萬能壽險,AMU022,摩根多重收益基金（每月派息）,-1.43,-0.3,5.69,6.28,9.38,16.63,35.91,24.34,108.46
新溢起愛變額萬能壽險,AMU038,摩根多重收益基金,-1.43,-0.3,5.68,6.27,9.36,16.6,35.89,24.35,121.12
新溢起愛變額萬能壽險,AMU064,摩根環球債券收益基金,-1.74,-1.3,0.08,-0.17,1.05,6.31,17.41,7.92,44.77
新溢起愛變額萬能壽險,AMU065,摩根環球債券收益基金（每月配息）,-1.76,-1.32,0.07,-0.19,1.1,6.3,17.44,7.96,44.92
新溢起愛變額萬能壽險,AMU067,摩根美國企業成長基金,4.33,3.21,13.51,3.83,4.8,24.73,78.06,60.98,922.4
新溢起愛變額萬能壽險,AMU073,委託摩根投資帳戶-用心收益平衡型(新現金撥回)(全權委託帳戶之資產撥回機制來源可能為本金)(撥回率或撥回金額非固定),-0.17,1.05,10.06,7.02,9.91,18.35,39.04,-,34.03
新溢起愛變額萬能壽險,ANU019,晉達環球環境基金,-4.94,-5.67,5.58,6.29,8.12,15.44,30.77,-3.95,66.4
新溢起愛變額萬能壽險,AWU013,安聯收益成長基金,-0.7,-1.39,6.29,5.5,8.23,18.65,38.97,23.6,206.91
新溢起愛變額萬能壽險,BRU004,貝萊德環球資產配置基金,-1.5,0.61,8.38,6.03,10.59,22.5,47.41,28.04,604.64
新溢起愛變額萬能壽險,BRU020,貝萊德世界健康科學基金,-3.4,6.02,11.52,5.35,18.58,6.97,26.49,22.38,-
新溢起愛變額萬能壽險,BRU021,貝萊德永續能源基金,-4.18,-9.42,0.53,9.14,19.06,29.9,48.82,24.75,126.8
新溢起愛變額萬能壽險,BRU027,貝萊德美元儲備基金,0.25,0.82,1.65,2.39,3.41,7.65,13.18,18.6,-
新溢起愛變額萬能壽險,BRU071,貝萊德ESG社會責任多元資產基金,-0.55,1.44,9.46,9.28,14.65,23.68,40.15,29.57,156.69
新溢起愛變額萬能壽險,BRU072,貝萊德ESG社會責任多元資產基金(每月配息),-0.52,1.5,9.49,9.34,14.73,23.67,40.24,29.59,60.19
新溢起愛變額萬能壽險,BSU035,委託施羅德投資帳戶─強積金成長累積型,0.21,1.8,13.08,11.9,15.39,31.44,56.14,40.59,91.9
新溢起愛變額萬能壽險,BSU056,施羅德環球永續增長基金,-1.34,6.62,20.06,10.36,15.16,21.65,56.61,42.4,390.54
新溢起愛變額萬能壽險,BSU063,施羅德環球環球能源轉型股票基金,-6.91,-11.27,-0.24,-0.23,8.09,10.51,3.86,-19.89,69.95
新溢起愛變額萬能壽險,BSU064,委託施羅德投資帳戶-強積金成長型(新現金撥回)(全權委託帳戶之資產撥回機制來源可能為本金)(撥回率或撥回金額非固定),0.14,1.71,12.87,11.3,14.3,27.8,48.45,-,40.67
新溢起愛變額萬能壽險,BSU067,施羅德美國大型股基金(美元累積),-0.32,5.22,15.67,6.11,8.09,30.38,74.61,72.38,307.26
月月滿溢變額壽險,ABU059,委託聯博投資帳戶-全球多元資產收益型(新現金撥回)(全權委託帳戶之資產撥回機制來源可能為本金)(撥回率或撥回金額非固定),-0.83,1.06,8.59,6.29,8.62,17.18,36.69,-,33.15
月月滿溢變額壽險,ACT002,國泰台灣貨幣市場基金,0.14,0.42,0.8,1.14,1.53,3.03,4.37,5.77,32.77
月月滿溢變額壽險,ACU019,委託國泰投資帳戶-SMART股債平衡型(新現金撥回)(全權委託帳戶之資產撥回機制來源可能為本金)(撥回率或撥回金額非固定),-0.57,-0.62,10.92,10.09,12.37,22.03,41.42,-,36.03
月月滿溢變額壽險,AFU056,富達美元現金基金,0.3,0.92,1.82,2.64,3.72,8.28,14.13,19.89,35.79
月月滿溢變額壽險,AFU064,委託富達投資帳戶-全天候入息型(新現金撥回)(全權委託帳戶之資產撥回機制來源可能為本金)(撥回率或撥回金額非固定),-0.39,2.82,12.62,11.09,14.46,19.96,39.5,-,34.19
月月滿溢變額壽險,AMU073,委託摩根投資帳戶-用心收益平衡型(新現金撥回)(全權委託帳戶之資產撥回機制來源可能為本金)(撥回率或撥回金額非固定),-0.17,1.05,10.06,7.02,9.91,18.35,39.04,-,34.03
月月滿溢變額壽險,BRU027,貝萊德美元儲備基金,0.25,0.82,1.65,2.39,3.41,7.65,13.18,18.6,-
月月滿溢變額壽險,BSU035,委託施羅德投資帳戶─強積金成長累積型,0.21,1.8,13.08,11.9,15.39,31.44,56.14,40.59,91.9
月月滿溢變額壽險,BSU064,委託施羅德投資帳戶-強積金成長型(新現金撥回)(全權委託帳戶之資產撥回機制來源可能為本金)(撥回率或撥回金額非固定),0.14,1.71,12.87,11.3,14.3,27.8,48.45,-,40.67
月月滿溢外幣變額壽險,ABU059,委託聯博投資帳戶-全球多元資產收益型(新現金撥回)(全權委託帳戶之資產撥回機制來源可能為本金)(撥回率或撥回金額非固定),-0.83,1.06,8.59,6.29,8.62,17.18,36.69,-,33.15
月月滿溢外幣變額壽險,ACU019,委託國泰投資帳戶-SMART股債平衡型(新現金撥回)(全權委託帳戶之資產撥回機制來源可能為本金)(撥回率或撥回金額非固定),-0.57,-0.62,10.92,10.09,12.37,22.03,41.42,-,36.03
月月滿溢外幣變額壽險,AFU054,富達美元現金基金,0.3,0.92,1.82,2.64,3.72,8.28,14.13,19.89,35.79
月月滿溢外幣變額壽險,AFU056,富達美元現金基金,0.3,0.92,1.82,2.64,3.72,8.28,14.13,19.89,35.79
月月滿溢外幣變額壽險,AFU064,委託富達投資帳戶-全天候入息型(新現金撥回)(全權委託帳戶之資產撥回機制來源可能為本金)(撥回率或撥回金額非固定),-0.39,2.82,12.62,11.09,14.46,19.96,39.5,-,34.19
月月滿溢外幣變額壽險,AMU073,委託摩根投資帳戶-用心收益平衡型(新現金撥回)(全權委託帳戶之資產撥回機制來源可能為本金)(撥回率或撥回金額非固定),-0.17,1.05,10.06,7.02,9.91,18.35,39.04,-,34.03
月月滿溢外幣變額壽險,BRU027,貝萊德美元儲備基金,0.25,0.82,1.65,2.39,3.41,7.65,13.18,18.6,-
月月滿溢外幣變額壽險,BSU035,委託施羅德投資帳戶─強積金成長累積型,0.21,1.8,13.08,11.9,15.39,31.44,56.14,40.59,91.9
月月滿溢外幣變額壽險,BSU064,委託施羅德投資帳戶-強積金成長型(新現金撥回)(全權委託帳戶之資產撥回機制來源可能為本金)(撥回率或撥回金額非固定),0.14,1.71,12.87,11.3,14.3,27.8,48.45,-,40.67
月月滿溢變額年金保險,ABU059,委託聯博投資帳戶-全球多元資產收益型(新現金撥回)(全權委託帳戶之資產撥回機制來源可能為本金)(撥回率或撥回金額非固定),-0.83,1.06,8.59,6.29,8.62,17.18,36.69,-,33.15
月月滿溢變額年金保險,ACT002,國泰台灣貨幣市場基金,0.14,0.42,0.8,1.14,1.53,3.03,4.37,5.77,32.77
月月滿溢變額年金保險,ACU019,委託國泰投資帳戶-SMART股債平衡型(新現金撥回)(全權委託帳戶之資產撥回機制來源可能為本金)(撥回率或撥回金額非固定),-0.57,-0.62,10.92,10.09,12.37,22.03,41.42,-,36.03
月月滿溢變額年金保險,AFU056,富達美元現金基金,0.3,0.92,1.82,2.64,3.72,8.28,14.13,19.89,35.79
月月滿溢變額年金保險,AFU064,委託富達投資帳戶-全天候入息型(新現金撥回)(全權委託帳戶之資產撥回機制來源可能為本金)(撥回率或撥回金額非固定),-0.39,2.82,12.62,11.09,14.46,19.96,39.5,-,34.19
月月滿溢變額年金保險,AMU073,委託摩根投資帳戶-用心收益平衡型(新現金撥回)(全權委託帳戶之資產撥回機制來源可能為本金)(撥回率或撥回金額非固定),-0.17,1.05,10.06,7.02,9.91,18.35,39.04,-,34.03
月月滿溢變額年金保險,BRU027,貝萊德美元儲備基金,0.25,0.82,1.65,2.39,3.41,7.65,13.18,18.6,-
月月滿溢變額年金保險,BSU035,委託施羅德投資帳戶─強積金成長累積型,0.21,1.8,13.08,11.9,15.39,31.44,56.14,40.59,91.9
月月滿溢變額年金保險,BSU064,委託施羅德投資帳戶-強積金成長型(新現金撥回)(全權委託帳戶之資產撥回機制來源可能為本金)(撥回率或撥回金額非固定),0.14,1.71,12.87,11.3,14.3,27.8,48.45,-,40.67
月月滿溢外幣變額年金保險,ABU059,委託聯博投資帳戶-全球多元資產收益型(新現金撥回)(全權委託帳戶之資產撥回機制來源可能為本金)(撥回率或撥回金額非固定),-0.83,1.06,8.59,6.29,8.62,17.18,36.69,-,33.15
月月滿溢外幣變額年金保險,ACU019,委託國泰投資帳戶-SMART股債平衡型(新現金撥回)(全權委託帳戶之資產撥回機制來源可能為本金)(撥回率或撥回金額非固定),-0.57,-0.62,10.92,10.09,12.37,22.03,41.42,-,36.03
月月滿溢外幣變額年金保險,AFU054,富達美元現金基金,0.3,0.92,1.82,2.64,3.72,8.28,14.13,19.89,35.79
月月滿溢外幣變額年金保險,AFU056,富達美元現金基金,0.3,0.92,1.82,2.64,3.72,8.28,14.13,19.89,35.79
月月滿溢外幣變額年金保險,AFU064,委託富達投資帳戶-全天候入息型(新現金撥回)(全權委託帳戶之資產撥回機制來源可能為本金)(撥回率或撥回金額非固定),-0.39,2.82,12.62,11.09,14.46,19.96,39.5,-,34.19
月月滿溢外幣變額年金保險,AMU073,委託摩根投資帳戶-用心收益平衡型(新現金撥回)(全權委託帳戶之資產撥回機制來源可能為本金)(撥回率或撥回金額非固定),-0.17,1.05,10.06,7.02,9.91,18.35,39.04,-,34.03
月月滿溢外幣變額年金保險,BRU027,貝萊德美元儲備基金,0.25,0.82,1.65,2.39,3.41,7.65,13.18,18.6,-
月月滿溢外幣變額年金保險,BSU035,委託施羅德投資帳戶─強積金成長累積型,0.21,1.8,13.08,11.9,15.39,31.44,56.14,40.59,91.9
月月滿溢外幣變額年金保險,BSU064,委託施羅德投資帳戶-強積金成長型(新現金撥回)(全權委託帳戶之資產撥回機制來源可能為本金)(撥回率或撥回金額非固定),0.14,1.71,12.87,11.3,14.3,27.8,48.45,-,40.67
月月泰利變額年金保險<已停售/暫時停止銷售>,ACT002,國泰台灣貨幣市場基金,0.14,0.42,0.8,1.14,1.53,3.03,4.37,5.77,32.77
月月泰利變額年金保險<已停售/暫時停止銷售>,ACT026,國泰台灣貨幣市場基金,0.14,0.42,0.8,1.14,1.53,3.03,4.37,5.77,32.77
月月泰利變額年金保險<已停售/暫時停止銷售>,ACT048,委託國泰投資帳戶-泰享利台幣投資組合(新現金撥回)(全權委託帳戶之資產撥回機制來源可能為本金)(撥回率或撥回金額非固定),3.37,-4.54,28.39,43.2,59.34,74.34,93.67,-,90.75
月月泰利變額年金保險<已停售/暫時停止銷售>,ACU020,委託國泰投資帳戶-ＭＩＴ多元收益組合(新現金撥回)(全權委託帳戶之資產撥回機制來源可能為本金)(撥回率或撥回金額非固定),-0.38,-0.34,8.6,9.36,10.28,20.2,37.83,-,35.22
月月泰利變額年金保險<已停售/暫時停止銷售>,AFU056,富達美元現金基金,0.3,0.92,1.82,2.64,3.72,8.28,14.13,19.89,35.79
月月泰利變額年金保險<已停售/暫時停止銷售>,AIU003,委託國泰投顧投資帳戶-泰優利組合(新現金撥回)(全權委託帳戶之資產撥回機制來源可能為本金)(撥回率或撥回金額非固定),0.03,0.85,11.25,8.9,10.92,14.61,34.66,-,31.3
月月泰利變額年金保險<已停售/暫時停止銷售>,BRU027,貝萊德美元儲備基金,0.25,0.82,1.65,2.39,3.41,7.65,13.18,18.6,-
月月泰利外幣變額年金保險<已停售/暫時停止銷售>,ACU020,委託國泰投資帳戶-ＭＩＴ多元收益組合(新現金撥回)(全權委託帳戶之資產撥回機制來源可能為本金)(撥回率或撥回金額非固定),-0.38,-0.34,8.6,9.36,10.28,20.2,37.83,-,35.22
月月泰利外幣變額年金保險<已停售/暫時停止銷售>,AFU054,富達美元現金基金,0.3,0.92,1.82,2.64,3.72,8.28,14.13,19.89,35.79
月月泰利外幣變額年金保險<已停售/暫時停止銷售>,AFU056,富達美元現金基金,0.3,0.92,1.82,2.64,3.72,8.28,14.13,19.89,35.79
月月泰利外幣變額年金保險<已停售/暫時停止銷售>,AIU003,委託國泰投顧投資帳戶-泰優利組合(新現金撥回)(全權委託帳戶之資產撥回機制來源可能為本金)(撥回率或撥回金額非固定),0.03,0.85,11.25,8.9,10.92,14.61,34.66,-,31.3
月月泰利外幣變額年金保險<已停售/暫時停止銷售>,BRU027,貝萊德美元儲備基金,0.25,0.82,1.65,2.39,3.41,7.65,13.18,18.6,-
月月泰利變額壽險,ACT002,國泰台灣貨幣市場基金,0.14,0.42,0.8,1.14,1.53,3.03,4.37,5.77,32.77
月月泰利變額壽險,ACT026,國泰台灣貨幣市場基金,0.14,0.42,0.8,1.14,1.53,3.03,4.37,5.77,32.77
月月泰利變額壽險,ACT048,委託國泰投資帳戶-泰享利台幣投資組合(新現金撥回)(全權委託帳戶之資產撥回機制來源可能為本金)(撥回率或撥回金額非固定),3.37,-4.54,28.39,43.2,59.34,74.34,93.67,-,90.75
月月泰利變額壽險,ACU020,委託國泰投資帳戶-ＭＩＴ多元收益組合(新現金撥回)(全權委託帳戶之資產撥回機制來源可能為本金)(撥回率或撥回金額非固定),-0.38,-0.34,8.6,9.36,10.28,20.2,37.83,-,35.22
月月泰利變額壽險,AFU056,富達美元現金基金,0.3,0.92,1.82,2.64,3.72,8.28,14.13,19.89,35.79
月月泰利變額壽險,AIU003,委託國泰投顧投資帳戶-泰優利組合(新現金撥回)(全權委託帳戶之資產撥回機制來源可能為本金)(撥回率或撥回金額非固定),0.03,0.85,11.25,8.9,10.92,14.61,34.66,-,31.3
月月泰利變額壽險,BRU027,貝萊德美元儲備基金,0.25,0.82,1.65,2.39,3.41,7.65,13.18,18.6,-
月月泰利外幣變額壽險,ACU020,委託國泰投資帳戶-ＭＩＴ多元收益組合(新現金撥回)(全權委託帳戶之資產撥回機制來源可能為本金)(撥回率或撥回金額非固定),-0.38,-0.34,8.6,9.36,10.28,20.2,37.83,-,35.22
月月泰利外幣變額壽險,AFU054,富達美元現金基金,0.3,0.92,1.82,2.64,3.72,8.28,14.13,19.89,35.79
月月泰利外幣變額壽險,AFU056,富達美元現金基金,0.3,0.92,1.82,2.64,3.72,8.28,14.13,19.89,35.79
月月泰利外幣變額壽險,AIU003,委託國泰投顧投資帳戶-泰優利組合(新現金撥回)(全權委託帳戶之資產撥回機制來源可能為本金)(撥回率或撥回金額非固定),0.03,0.85,11.25,8.9,10.92,14.61,34.66,-,31.3
月月泰利外幣變額壽險,BRU027,貝萊德美元儲備基金,0.25,0.82,1.65,2.39,3.41,7.65,13.18,18.6,-
(新)心鑫相連變額萬能壽險<已停售/暫時停止銷售>,ABU037,委託聯博投資帳戶－全球多元資產收益型（單位撥回）(全權委託帳戶之資產撥回機制來源可能為本金)(撥回率或撥回金額非固定),-0.9,0.97,8.49,6.26,8.61,17.93,38.18,18.87,63.3
(新)心鑫相連變額萬能壽險<已停售/暫時停止銷售>,ACU005,委託國泰投資帳戶─ＳＭＡＲＴ股債平衡型（單位撥回）(全權委託帳戶之資產撥回機制來源可能為本金)(撥回率或撥回金額非固定),-0.54,-0.61,11.03,10.26,12.85,22.78,43.2,21.88,52.93
(新)心鑫相連變額萬能壽險<已停售/暫時停止銷售>,AFU043,委託富達投資帳戶─全天候入息型（單位撥回）(全權委託帳戶之資產撥回機制來源可能為本金)(撥回率或撥回金額非固定),-0.36,2.8,12.66,11.29,14.88,20.17,40.09,18.21,41.73
(新)心鑫相連變額萬能壽險<已停售/暫時停止銷售>,AFU056,富達美元現金基金,0.3,0.92,1.82,2.64,3.72,8.28,14.13,19.89,35.79
(新)心鑫相連變額萬能壽險<已停售/暫時停止銷售>,AMU048,委託摩根投資帳戶─用心收益平衡型（單位撥回）(全權委託帳戶之資產撥回機制來源可能為本金)(撥回率或撥回金額非固定),-0.19,1.07,10.13,7.14,10.1,18.92,39.93,20.1,63.38
(新)心鑫相連變額萬能壽險<已停售/暫時停止銷售>,BRU027,貝萊德美元儲備基金,0.25,0.82,1.65,2.39,3.41,7.65,13.18,18.6,-
(新)心鑫相連變額萬能壽險<已停售/暫時停止銷售>,BSU035,委託施羅德投資帳戶─強積金成長累積型,0.21,1.8,13.08,11.9,15.39,31.44,56.14,40.59,91.9
(新)心鑫相連變額萬能壽險<已停售/暫時停止銷售>,BSU036,委託施羅德投資帳戶─股債收益平衡（單位撥回）(全權委託帳戶之資產撥回機制來源可能為本金)(撥回率或撥回金額非固定),0.22,1.71,12.57,10.36,13.35,25.32,45.14,24.64,55.6
(超)(新)澳利富外幣變額年金保險<已停售/暫時停止銷售>,ABA003,聯博亞洲股票基金 AD(澳幣避險),3.01,-5.9,18.55,29.56,41.34,67.08,97.25,51.39,172.82
(超)(新)澳利富外幣變額年金保險<已停售/暫時停止銷售>,ABA005,聯博全球非投資等級債券基金ＡＡ（澳幣避險）,-1.77,-1.33,1.48,0.53,1.47,7.22,20.95,8.09,42.51
(超)(新)澳利富外幣變額年金保險<已停售/暫時停止銷售>,ABA006,聯博美國收益基金ＡＡ（澳幣避險）,-3.46,-3.67,-2.01,-2.99,-2.23,0.99,12.28,-4.87,31.26
(超)(新)澳利富外幣變額年金保險<已停售/暫時停止銷售>,ABA007,聯博歐洲收益基金ＡＡ（澳幣避險）,-2.61,-3.38,-0.43,-1.28,-0.23,3.76,15.56,3.74,49.45
(超)(新)澳利富外幣變額年金保險<已停售/暫時停止銷售>,ABA008,聯博短期債券基金AA(澳幣避險),-0.96,-0.61,0.78,0.54,1.35,4.36,9.2,4.97,13.15
(超)(新)澳利富外幣變額年金保險<已停售/暫時停止銷售>,ABA009,聯博新興市場債券基金ＡＡ（澳幣避險）,-3.03,-3.24,1.36,0.89,3.57,11.72,30.97,2.22,39.36
(超)(新)澳利富外幣變額年金保險<已停售/暫時停止銷售>,ABA011,委託聯博投資帳戶－澳幣環球穩健型（現金撥回）(全權委託帳戶之資產撥回機制來源可能為本金)(撥回率或撥回金額非固定),-0.39,0.36,8.45,4.92,6.76,16.45,33.33,15.84,52.74
(超)(新)澳利富外幣變額年金保險<已停售/暫時停止銷售>,ABA012,聯博新興市場多元收益基金ＡＤ（澳幣避險）,1.05,-0.16,14.1,20.66,25.46,43.46,77.68,35.04,70.45
(超)(新)澳利富外幣變額年金保險<已停售/暫時停止銷售>,ABA013,聯博美國成長基金ＡＤ（澳幣避險）,1.68,5.64,15.19,5.16,6.48,20.91,61.01,36.27,-
(超)(新)澳利富外幣變額年金保險<已停售/暫時停止銷售>,ABA014,聯博優化波動股票基金AD(澳幣避險),-1.08,6.57,12.59,5.6,7.29,15.64,42.82,37.03,188.59
(超)(新)澳利富外幣變額年金保險<已停售/暫時停止銷售>,ABA015,委託聯博投資帳戶－澳幣環球穩健型（單位撥回）(全權委託帳戶之資產撥回機制來源可能為本金)(撥回率或撥回金額非固定),-0.39,0.36,8.45,4.92,6.76,16.45,33.33,15.84,43.02
(超)(新)澳利富外幣變額年金保險<已停售/暫時停止銷售>,ABA016,聯博房貸收益基金AA(澳幣避險),-0.18,0.57,1.96,2.38,3.77,9.03,19.32,24.39,54.64
(超)(新)澳利富外幣變額年金保險<已停售/暫時停止銷售>,ABA017,聯博全球靈活收益基金（每月配息）（澳幣避險）,-2.34,-2.91,-1.1,-1.69,-1.27,-0.08,7.83,-8.62,24.73
(超)(新)澳利富外幣變額年金保險<已停售/暫時停止銷售>,ACA001,委託國泰投資帳戶─澳幣全球收益（現金撥回）(全權委託帳戶之資產撥回機制來源可能為本金)(撥回率或撥回金額非固定),0.02,-3.12,7.75,4.24,6.84,15.56,32.22,9.52,46.44
(超)(新)澳利富外幣變額年金保險<已停售/暫時停止銷售>,ACA002,委託國泰投資帳戶─澳幣全球收益（單位撥回）(全權委託帳戶之資產撥回機制來源可能為本金)(撥回率或撥回金額非固定),0.02,-3.12,7.75,4.24,6.84,15.56,32.22,9.52,40.51
(超)(新)澳利富外幣變額年金保險<已停售/暫時停止銷售>,AEA001,首源亞洲優質債券基金(每月配息)(澳幣避險),-0.96,-1.46,-0.77,-2.17,-1.92,0.31,11.71,-6.12,-6.56
(超)(新)澳利富外幣變額年金保險<已停售/暫時停止銷售>,AFA002,富達全球入息基金（Ａ股月配息）（澳幣避險）,-3.24,-1.49,6.22,8.02,13.97,21.23,51.69,56.31,204.99
(超)(新)澳利富外幣變額年金保險<已停售/暫時停止銷售>,AFA003,富達美元非投資等級債券基金（Ａ股月配息）（澳幣避險）,-1.87,-0.69,1.6,1.4,2.81,8.49,20.55,10.88,74.74
(超)(新)澳利富外幣變額年金保險<已停售/暫時停止銷售>,AFA004,富達新興市場債券基金（Ａ股月配息）（澳幣避險）,-2.65,-3.64,0.08,0.09,3.18,10.78,27.22,-12.11,34.89
(超)(新)澳利富外幣變額年金保險<已停售/暫時停止銷售>,AFA006,富達亞洲非投資等級債券基金(A股月配息)(澳幣避險),-1.48,0.63,4.55,4.3,4.93,16.17,32.94,-16.81,18.52
(超)(新)澳利富外幣變額年金保險<已停售/暫時停止銷售>,AFA007,富達歐洲入息基金(A股月配息)(澳幣避險),-2.52,1.9,9.53,5.71,12.11,19.97,46.15,59.82,164.38
(超)(新)澳利富外幣變額年金保險<已停售/暫時停止銷售>,AGA001,高盛投資級公司債基金(月配)(澳幣對沖),-1.64,-2.81,-1.65,-2.98,-2.52,-0.04,10.83,-11.03,46.62
(超)(新)澳利富外幣變額年金保險<已停售/暫時停止銷售>,AGA002,高盛亞洲債券基金(月配)(澳幣對沖),-0.68,-0.51,1.26,0.1,1.0,5.9,16.97,-6.66,33.61
(超)(新)澳利富外幣變額年金保險<已停售/暫時停止銷售>,AGA003,高盛新興市場債券基金(月配)(澳幣對沖),-1.15,-1.68,2.15,1.2,4.21,12.4,27.98,0.37,50.48
(超)(新)澳利富外幣變額年金保險<已停售/暫時停止銷售>,AGA004,高盛環球非投資等級債券基金(月配)(澳幣對沖),-1.04,-0.48,1.68,0.84,1.28,7.37,18.08,4.92,62.59
(超)(新)澳利富外幣變額年金保險<已停售/暫時停止銷售>,AGA005,高盛歐元高股息基金(每月配息)(澳幣對沖),-1.59,1.33,15.93,12.7,20.83,36.53,55.41,70.5,202.69
(超)(新)澳利富外幣變額年金保險<已停售/暫時停止銷售>,AGA006,高盛環球高股息基金(每月配息)(澳幣對沖),-1.73,0.93,11.07,10.26,13.79,24.57,45.01,47.13,136.35
(超)(新)澳利富外幣變額年金保險<已停售/暫時停止銷售>,AGA008,高盛美國高股息基金(每月配息)(澳幣對沖),-2.28,-0.14,11.78,6.5,4.47,13.01,41.16,49.15,151.83
(超)(新)澳利富外幣變額年金保險<已停售/暫時停止銷售>,AGA010,高盛旗艦多元資產基金(每月配息)(澳幣對沖),-1.1,-0.77,3.56,0.91,2.53,1.98,15.67,-2.2,11.43
(超)(新)澳利富外幣變額年金保險<已停售/暫時停止銷售>,AHA001,瀚亞投資優質公司債基金Ａａｄｍｃ１（澳幣避險）,-2.34,-3.76,-2.34,-3.0,-2.27,-0.75,9.83,-10.17,25.05
(超)(新)澳利富外幣變額年金保險<已停售/暫時停止銷售>,AHA002,瀚亞投資全球新興市場債券基金Ａａｄｍｃ１（澳幣避險）,-2.07,-2.49,2.04,1.66,5.21,15.69,32.38,5.65,36.85
(超)(新)澳利富外幣變額年金保險<已停售/暫時停止銷售>,AHA003,瀚亞投資全球價值股票基金Ａａｄｍｃ１（澳幣避險）,-3.58,2.27,9.91,10.09,16.17,33.65,65.09,48.34,127.44
(超)(新)澳利富外幣變額年金保險<已停售/暫時停止銷售>,AHA004,瀚亞投資亞洲債券基金Aadm(澳幣避險),-1.74,-1.7,0.21,-0.65,0.81,4.21,17.39,-10.45,31.19
(超)(新)澳利富外幣變額年金保險<已停售/暫時停止銷售>,AMA001,摩根多重收益基金(利率入息)(澳幣對沖),-1.38,-0.17,5.85,6.34,9.31,15.48,32.55,17.69,88.82
(超)(新)澳利富外幣變額年金保險<已停售/暫時停止銷售>,AMA002,摩根亞太入息基金（利率入息）（澳幣對沖）,-0.43,0.8,6.87,8.41,11.8,24.0,41.82,21.42,78.35
(超)(新)澳利富外幣變額年金保險<已停售/暫時停止銷售>,AMA003,摩根環球非投資等級債券基金（利率入息）（澳幣對沖）,-1.4,-0.94,1.18,0.9,2.21,9.09,23.36,12.48,73.29
(超)(新)澳利富外幣變額年金保險<已停售/暫時停止銷售>,AMA004,摩根新興市場企業債券基金（利率入息）（澳幣對沖）,-1.27,-2.1,-1.55,-3.25,-2.41,3.18,15.84,-3.01,41.5
(超)(新)澳利富外幣變額年金保險<已停售/暫時停止銷售>,AMA005,摩根新興市場本地貨幣債券基金（利率入息）（澳幣對沖）,-2.99,-0.26,2.2,0.63,3.68,9.84,20.86,8.29,0.44
(超)(新)澳利富外幣變額年金保險<已停售/暫時停止銷售>,AMA006,委託摩根投資帳戶─澳幣多重收益組合（現金撥回）(全權委託帳戶之資產撥回機制來源可能為本金)(撥回率或撥回金額非固定),0.41,0.83,9.29,5.74,8.17,17.73,35.62,16.12,47.82
(超)(新)澳利富外幣變額年金保險<已停售/暫時停止銷售>,AMA007,委託摩根投資帳戶─澳幣多重收益組合（單位撥回）(全權委託帳戶之資產撥回機制來源可能為本金)(撥回率或撥回金額非固定),0.41,0.83,9.29,5.74,8.17,17.73,35.62,16.12,47.82
(超)(新)澳利富外幣變額年金保險<已停售/暫時停止銷售>,ANA001,晉達新興市場公司債券基金(每月配息)(澳幣避險),-1.23,-1.15,1.85,-0.17,-0.82,4.02,16.3,-8.68,18.45
(超)(新)澳利富外幣變額年金保險<已停售/暫時停止銷售>,ARA001,霸菱成熟及新興市場非投資等級債券基金（每月配息）（澳幣避險）,-1.37,-0.7,1.52,1.66,1.67,7.74,21.97,4.11,-
(超)(新)澳利富外幣變額年金保險<已停售/暫時停止銷售>,ASA001,摩根士丹利環球平衡收益基金(澳幣避險月配),0.69,0.86,9.4,8.3,12.32,14.9,30.51,24.21,36.7
(超)(新)澳利富外幣變額年金保險<已停售/暫時停止銷售>,AWA001,安聯收益成長基金（每月配息）（澳幣避險）,-0.64,-1.24,6.48,5.57,8.06,17.48,35.61,16.61,173.91
(超)(新)澳利富外幣變額年金保險<已停售/暫時停止銷售>,AWA002,安聯亞洲靈活債券基金(每月配息)(澳幣避險),-1.35,-1.44,0.16,-0.85,-0.09,3.57,13.28,-19.39,3.03
(超)(新)澳利富外幣變額年金保險<已停售/暫時停止銷售>,AWA003,安聯全球新興市場高股息基金(每月配息)(澳幣避險),4.96,1.92,20.94,27.61,34.16,52.45,79.34,71.71,186.68
(超)(新)澳利富外幣變額年金保險<已停售/暫時停止銷售>,BRA001,貝萊德亞洲老虎債券基金 A8(澳幣避險),-1.59,-1.33,0.33,-0.02,1.04,6.99,20.65,-6.17,31.92
(超)(新)澳利富外幣變額年金保險<已停售/暫時停止銷售>,BRA003,貝萊德美元非投資等級債券基金 A8(澳幣避險),-1.69,-1.0,1.1,0.28,1.84,7.92,21.47,9.95,72.77
(超)(新)澳利富外幣變額年金保險<已停售/暫時停止銷售>,BRA005,貝萊德新興市場債券基金 A8(澳幣避險),-2.33,-2.93,1.76,1.56,5.18,13.74,35.85,10.53,50.78
(超)(新)澳利富外幣變額年金保險<已停售/暫時停止銷售>,BRA006,貝萊德環球非投資等級債券基金 A8(澳幣避險),-1.66,-0.97,1.65,0.82,2.01,8.68,22.07,8.23,69.87
(超)(新)澳利富外幣變額年金保險<已停售/暫時停止銷售>,BRA008,貝萊德全球股票收益基金Ａ８（澳幣避險）,-0.58,4.71,13.91,10.96,14.64,22.03,47.21,31.93,124.51
(超)(新)澳利富外幣變額年金保險<已停售/暫時停止銷售>,BRA010,貝萊德環球企業債券基金Ａ８（澳幣避險）,-2.31,-3.37,-1.63,-2.09,-1.0,2.06,12.93,-5.54,36.91
(超)(新)澳利富外幣變額年金保險<已停售/暫時停止銷售>,BSA001,施羅德新興市場債券基金(每月配息)(澳幣對沖),-2.14,-0.43,2.25,1.69,3.52,9.79,16.94,3.88,24.46
(超)(新)澳利富外幣變額年金保險<已停售/暫時停止銷售>,BSA002,施羅德環球企業債券基金（每月配息）（澳幣對沖）,-1.74,-2.9,-0.62,-1.92,-1.47,1.07,12.53,-7.18,61.29
(超)(新)澳利富外幣變額年金保險<已停售/暫時停止銷售>,BSA003,施羅德環球非投資等級債券基金（每月配息）（澳幣對沖）,-2.07,-1.37,1.13,0.91,0.97,7.27,20.61,9.14,123.64
(超)(新)澳利富外幣變額年金保險<已停售/暫時停止銷售>,BSA004,施羅德環球股債收息基金（每月配息）（澳幣對沖）,-2.69,1.28,6.29,4.2,6.79,16.02,30.89,16.89,52.18
(超)(新)澳利富外幣變額年金保險<已停售/暫時停止銷售>,BSA005,施羅德亞洲高息股債基金（每月配息）（澳幣對沖）,-0.18,0.17,14.14,18.17,22.22,32.02,54.14,25.58,95.64
(超)(新)澳利富外幣變額年金保險<已停售/暫時停止銷售>,BSA006,施羅德亞洲股息基金(每月配息)(澳幣對沖),1.58,4.56,18.3,24.53,32.35,47.75,72.74,55.14,102.76
(超)(新)澳利富外幣變額年金保險<已停售/暫時停止銷售>,BSA007,委託施羅德投資帳戶－澳幣雙平衡（現金撥回）(全權委託帳戶之資產撥回機制來源可能為本金)(撥回率或撥回金額非固定),0.91,1.92,15.04,11.37,14.48,29.29,46.8,31.33,58.42
(超)(新)澳利富外幣變額年金保險<已停售/暫時停止銷售>,BSA008,委託施羅德投資帳戶－澳幣雙平衡（單位撥回）(全權委託帳戶之資產撥回機制來源可能為本金)(撥回率或撥回金額非固定),0.91,1.92,15.04,11.37,14.48,29.29,46.8,31.33,58.42
(超)(新)澳利富外幣變額年金保險<已停售/暫時停止銷售>,BSA009,施羅德環球收息債券基金(每月配息)(澳幣避險),-2.12,-2.43,-0.06,-1.27,-0.44,5.61,18.14,3.55,31.2
(超)(新)澳利富外幣變額年金保險<已停售/暫時停止銷售>,BSA010,施羅德環球多元收益基金（每月配息）（澳幣避險）,-1.63,0.93,4.55,4.79,8.09,19.89,36.55,25.34,48.84
(超)(新)澳利富外幣變額年金保險<已停售/暫時停止銷售>,BXA001,安盛美國非投資等級債券基金(每月配息)(澳幣避險),-1.32,-0.37,1.74,0.6,1.4,7.16,19.8,10.74,32.95
(超)(新)澳利富外幣變額年金保險<已停售/暫時停止銷售>,BZA005,瑞銀(盧森堡)美元基金(澳幣避險累積),0.3,0.96,1.94,2.6,-,-,-,-,3.02
(超)(新)澳利富外幣變額年金保險<已停售/暫時停止銷售>,BZA006,瑞銀(盧森堡)美元基金(澳幣避險累積),0.3,0.96,1.94,2.6,-,-,-,-,3.02
鑫超澳利富外幣變額年金保險(115/7/1(不含)前的有效契約)<已停售/暫時停止銷售>,ABA003,聯博亞洲股票基金 AD(澳幣避險),3.01,-5.9,18.55,29.56,41.34,67.08,97.25,51.39,172.82
鑫超澳利富外幣變額年金保險(115/7/1(不含)前的有效契約)<已停售/暫時停止銷售>,ABA006,聯博美國收益基金ＡＡ（澳幣避險）,-3.46,-3.67,-2.01,-2.99,-2.23,0.99,12.28,-4.87,31.26
鑫超澳利富外幣變額年金保險(115/7/1(不含)前的有效契約)<已停售/暫時停止銷售>,ABA007,聯博歐洲收益基金ＡＡ（澳幣避險）,-2.61,-3.38,-0.43,-1.28,-0.23,3.76,15.56,3.74,49.45
鑫超澳利富外幣變額年金保險(115/7/1(不含)前的有效契約)<已停售/暫時停止銷售>,ABA008,聯博短期債券基金AA(澳幣避險),-0.96,-0.61,0.78,0.54,1.35,4.36,9.2,4.97,13.15
鑫超澳利富外幣變額年金保險(115/7/1(不含)前的有效契約)<已停售/暫時停止銷售>,ABA012,聯博新興市場多元收益基金ＡＤ（澳幣避險）,1.05,-0.16,14.1,20.66,25.46,43.46,77.68,35.04,70.45
鑫超澳利富外幣變額年金保險(115/7/1(不含)前的有效契約)<已停售/暫時停止銷售>,ABA013,聯博美國成長基金ＡＤ（澳幣避險）,1.68,5.64,15.19,5.16,6.48,20.91,61.01,36.27,-
鑫超澳利富外幣變額年金保險(115/7/1(不含)前的有效契約)<已停售/暫時停止銷售>,ABA014,聯博優化波動股票基金AD(澳幣避險),-1.08,6.57,12.59,5.6,7.29,15.64,42.82,37.03,188.59
鑫超澳利富外幣變額年金保險(115/7/1(不含)前的有效契約)<已停售/暫時停止銷售>,ABA016,聯博房貸收益基金AA(澳幣避險),-0.18,0.57,1.96,2.38,3.77,9.03,19.32,24.39,54.64
鑫超澳利富外幣變額年金保險(115/7/1(不含)前的有效契約)<已停售/暫時停止銷售>,ABA017,聯博全球靈活收益基金（每月配息）（澳幣避險）,-2.34,-2.91,-1.1,-1.69,-1.27,-0.08,7.83,-8.62,24.73
鑫超澳利富外幣變額年金保險(115/7/1(不含)前的有效契約)<已停售/暫時停止銷售>,ABA018,委託聯博投資帳戶-澳幣環球穩健型(新現金撥回)(全權委託帳戶之資產撥回機制來源可能為本金)(撥回率或撥回金額非固定),-0.43,0.31,8.45,4.85,6.73,15.75,32.07,-,29.72
鑫超澳利富外幣變額年金保險(115/7/1(不含)前的有效契約)<已停售/暫時停止銷售>,ACA003,委託國泰投資帳戶-澳幣全球收益(新現金撥回)(全權委託帳戶之資產撥回機制來源可能為本金)(撥回率或撥回金額非固定),0.02,-3.07,7.76,4.28,6.74,15.11,31.07,-,26.13
鑫超澳利富外幣變額年金保險(115/7/1(不含)前的有效契約)<已停售/暫時停止銷售>,AEA001,首源亞洲優質債券基金(每月配息)(澳幣避險),-0.96,-1.46,-0.77,-2.17,-1.92,0.31,11.71,-6.12,-6.56
鑫超澳利富外幣變額年金保險(115/7/1(不含)前的有效契約)<已停售/暫時停止銷售>,AFA002,富達全球入息基金（Ａ股月配息）（澳幣避險）,-3.24,-1.49,6.22,8.02,13.97,21.23,51.69,56.31,204.99
鑫超澳利富外幣變額年金保險(115/7/1(不含)前的有效契約)<已停售/暫時停止銷售>,AFA007,富達歐洲入息基金(A股月配息)(澳幣避險),-2.52,1.9,9.53,5.71,12.11,19.97,46.15,59.82,164.38
鑫超澳利富外幣變額年金保險(115/7/1(不含)前的有效契約)<已停售/暫時停止銷售>,AGA001,高盛投資級公司債基金(月配)(澳幣對沖),-1.64,-2.81,-1.65,-2.98,-2.52,-0.04,10.83,-11.03,46.62
鑫超澳利富外幣變額年金保險(115/7/1(不含)前的有效契約)<已停售/暫時停止銷售>,AGA002,高盛亞洲債券基金(月配)(澳幣對沖),-0.68,-0.51,1.26,0.1,1.0,5.9,16.97,-6.66,33.61
鑫超澳利富外幣變額年金保險(115/7/1(不含)前的有效契約)<已停售/暫時停止銷售>,AGA005,高盛歐元高股息基金(每月配息)(澳幣對沖),-1.59,1.33,15.93,12.7,20.83,36.53,55.41,70.5,202.69
鑫超澳利富外幣變額年金保險(115/7/1(不含)前的有效契約)<已停售/暫時停止銷售>,AGA006,高盛環球高股息基金(每月配息)(澳幣對沖),-1.73,0.93,11.07,10.26,13.79,24.57,45.01,47.13,136.35
鑫超澳利富外幣變額年金保險(115/7/1(不含)前的有效契約)<已停售/暫時停止銷售>,AGA008,高盛美國高股息基金(每月配息)(澳幣對沖),-2.28,-0.14,11.78,6.5,4.47,13.01,41.16,49.15,151.83
鑫超澳利富外幣變額年金保險(115/7/1(不含)前的有效契約)<已停售/暫時停止銷售>,AGA010,高盛旗艦多元資產基金(每月配息)(澳幣對沖),-1.1,-0.77,3.56,0.91,2.53,1.98,15.67,-2.2,11.43
鑫超澳利富外幣變額年金保險(115/7/1(不含)前的有效契約)<已停售/暫時停止銷售>,AHA001,瀚亞投資優質公司債基金Ａａｄｍｃ１（澳幣避險）,-2.34,-3.76,-2.34,-3.0,-2.27,-0.75,9.83,-10.17,25.05
鑫超澳利富外幣變額年金保險(115/7/1(不含)前的有效契約)<已停售/暫時停止銷售>,AHA003,瀚亞投資全球價值股票基金Ａａｄｍｃ１（澳幣避險）,-3.58,2.27,9.91,10.09,16.17,33.65,65.09,48.34,127.44
鑫超澳利富外幣變額年金保險(115/7/1(不含)前的有效契約)<已停售/暫時停止銷售>,AHA004,瀚亞投資亞洲債券基金Aadm(澳幣避險),-1.74,-1.7,0.21,-0.65,0.81,4.21,17.39,-10.45,31.19
鑫超澳利富外幣變額年金保險(115/7/1(不含)前的有效契約)<已停售/暫時停止銷售>,AMA001,摩根多重收益基金(利率入息)(澳幣對沖),-1.38,-0.17,5.85,6.34,9.31,15.48,32.55,17.69,88.82
鑫超澳利富外幣變額年金保險(115/7/1(不含)前的有效契約)<已停售/暫時停止銷售>,AMA002,摩根亞太入息基金（利率入息）（澳幣對沖）,-0.43,0.8,6.87,8.41,11.8,24.0,41.82,21.42,78.35
鑫超澳利富外幣變額年金保險(115/7/1(不含)前的有效契約)<已停售/暫時停止銷售>,ASA001,摩根士丹利環球平衡收益基金(澳幣避險月配),0.69,0.86,9.4,8.3,12.32,14.9,30.51,24.21,36.7
鑫超澳利富外幣變額年金保險(115/7/1(不含)前的有效契約)<已停售/暫時停止銷售>,AWA001,安聯收益成長基金（每月配息）（澳幣避險）,-0.64,-1.24,6.48,5.57,8.06,17.48,35.61,16.61,173.91
鑫超澳利富外幣變額年金保險(115/7/1(不含)前的有效契約)<已停售/暫時停止銷售>,AWA002,安聯亞洲靈活債券基金(每月配息)(澳幣避險),-1.35,-1.44,0.16,-0.85,-0.09,3.57,13.28,-19.39,3.03
鑫超澳利富外幣變額年金保險(115/7/1(不含)前的有效契約)<已停售/暫時停止銷售>,AWA003,安聯全球新興市場高股息基金(每月配息)(澳幣避險),4.96,1.92,20.94,27.61,34.16,52.45,79.34,71.71,186.68
鑫超澳利富外幣變額年金保險(115/7/1(不含)前的有效契約)<已停售/暫時停止銷售>,BRA001,貝萊德亞洲老虎債券基金 A8(澳幣避險),-1.59,-1.33,0.33,-0.02,1.04,6.99,20.65,-6.17,31.92
鑫超澳利富外幣變額年金保險(115/7/1(不含)前的有效契約)<已停售/暫時停止銷售>,BRA008,貝萊德全球股票收益基金Ａ８（澳幣避險）,-0.58,4.71,13.91,10.96,14.64,22.03,47.21,31.93,124.51
鑫超澳利富外幣變額年金保險(115/7/1(不含)前的有效契約)<已停售/暫時停止銷售>,BRA010,貝萊德環球企業債券基金Ａ８（澳幣避險）,-2.31,-3.37,-1.63,-2.09,-1.0,2.06,12.93,-5.54,36.91
鑫超澳利富外幣變額年金保險(115/7/1(不含)前的有效契約)<已停售/暫時停止銷售>,BSA002,施羅德環球企業債券基金（每月配息）（澳幣對沖）,-1.74,-2.9,-0.62,-1.92,-1.47,1.07,12.53,-7.18,61.29
鑫超澳利富外幣變額年金保險(115/7/1(不含)前的有效契約)<已停售/暫時停止銷售>,BSA004,施羅德環球股債收息基金（每月配息）（澳幣對沖）,-2.69,1.28,6.29,4.2,6.79,16.02,30.89,16.89,52.18
鑫超澳利富外幣變額年金保險(115/7/1(不含)前的有效契約)<已停售/暫時停止銷售>,BSA005,施羅德亞洲高息股債基金（每月配息）（澳幣對沖）,-0.18,0.17,14.14,18.17,22.22,32.02,54.14,25.58,95.64
鑫超澳利富外幣變額年金保險(115/7/1(不含)前的有效契約)<已停售/暫時停止銷售>,BSA006,施羅德亞洲股息基金(每月配息)(澳幣對沖),1.58,4.56,18.3,24.53,32.35,47.75,72.74,55.14,102.76
鑫超澳利富外幣變額年金保險(115/7/1(不含)前的有效契約)<已停售/暫時停止銷售>,BSA009,施羅德環球收息債券基金(每月配息)(澳幣避險),-2.12,-2.43,-0.06,-1.27,-0.44,5.61,18.14,3.55,31.2
鑫超澳利富外幣變額年金保險(115/7/1(不含)前的有效契約)<已停售/暫時停止銷售>,BSA010,施羅德環球多元收益基金（每月配息）（澳幣避險）,-1.63,0.93,4.55,4.79,8.09,19.89,36.55,25.34,48.84
鑫超澳利富外幣變額年金保險(115/7/1(不含)前的有效契約)<已停售/暫時停止銷售>,BSA011,委託施羅德投資帳戶-澳幣雙平衡(新現金撥回)(全權委託帳戶之資產撥回機制來源可能為本金)(撥回率或撥回金額非固定),0.93,1.97,15.01,11.22,14.19,28.01,44.16,-,40.67
鑫超澳利富外幣變額年金保險(115/7/1(不含)前的有效契約)<已停售/暫時停止銷售>,BZA005,瑞銀(盧森堡)美元基金(澳幣避險累積),0.3,0.96,1.94,2.6,-,-,-,-,3.02
鑫超澳利富外幣變額年金保險(115/7/1(不含)前的有效契約)<已停售/暫時停止銷售>,BZA006,瑞銀(盧森堡)美元基金(澳幣避險累積),0.3,0.96,1.94,2.6,-,-,-,-,3.02
鑫超澳利富外幣變額年金保險,ABA003,聯博亞洲股票基金 AD(澳幣避險),3.01,-5.9,18.55,29.56,41.34,67.08,97.25,51.39,172.82
鑫超澳利富外幣變額年金保險,ABA006,聯博美國收益基金ＡＡ（澳幣避險）,-3.46,-3.67,-2.01,-2.99,-2.23,0.99,12.28,-4.87,31.26
鑫超澳利富外幣變額年金保險,ABA007,聯博歐洲收益基金ＡＡ（澳幣避險）,-2.61,-3.38,-0.43,-1.28,-0.23,3.76,15.56,3.74,49.45
鑫超澳利富外幣變額年金保險,ABA008,聯博短期債券基金AA(澳幣避險),-0.96,-0.61,0.78,0.54,1.35,4.36,9.2,4.97,13.15
鑫超澳利富外幣變額年金保險,ABA012,聯博新興市場多元收益基金ＡＤ（澳幣避險）,1.05,-0.16,14.1,20.66,25.46,43.46,77.68,35.04,70.45
鑫超澳利富外幣變額年金保險,ABA013,聯博美國成長基金ＡＤ（澳幣避險）,1.68,5.64,15.19,5.16,6.48,20.91,61.01,36.27,-
鑫超澳利富外幣變額年金保險,ABA014,聯博優化波動股票基金AD(澳幣避險),-1.08,6.57,12.59,5.6,7.29,15.64,42.82,37.03,188.59
鑫超澳利富外幣變額年金保險,ABA016,聯博房貸收益基金AA(澳幣避險),-0.18,0.57,1.96,2.38,3.77,9.03,19.32,24.39,54.64
鑫超澳利富外幣變額年金保險,ABA017,聯博全球靈活收益基金（每月配息）（澳幣避險）,-2.34,-2.91,-1.1,-1.69,-1.27,-0.08,7.83,-8.62,24.73
鑫超澳利富外幣變額年金保險,ABA018,委託聯博投資帳戶-澳幣環球穩健型(新現金撥回)(全權委託帳戶之資產撥回機制來源可能為本金)(撥回率或撥回金額非固定),-0.43,0.31,8.45,4.85,6.73,15.75,32.07,-,29.72
鑫超澳利富外幣變額年金保險,ACA003,委託國泰投資帳戶-澳幣全球收益(新現金撥回)(全權委託帳戶之資產撥回機制來源可能為本金)(撥回率或撥回金額非固定),0.02,-3.07,7.76,4.28,6.74,15.11,31.07,-,26.13
鑫超澳利富外幣變額年金保險,AFA002,富達全球入息基金（Ａ股月配息）（澳幣避險）,-3.24,-1.49,6.22,8.02,13.97,21.23,51.69,56.31,204.99
鑫超澳利富外幣變額年金保險,AFA007,富達歐洲入息基金(A股月配息)(澳幣避險),-2.52,1.9,9.53,5.71,12.11,19.97,46.15,59.82,164.38
鑫超澳利富外幣變額年金保險,AGA001,高盛投資級公司債基金(月配)(澳幣對沖),-1.64,-2.81,-1.65,-2.98,-2.52,-0.04,10.83,-11.03,46.62
鑫超澳利富外幣變額年金保險,AGA005,高盛歐元高股息基金(每月配息)(澳幣對沖),-1.59,1.33,15.93,12.7,20.83,36.53,55.41,70.5,202.69
鑫超澳利富外幣變額年金保險,AGA006,高盛環球高股息基金(每月配息)(澳幣對沖),-1.73,0.93,11.07,10.26,13.79,24.57,45.01,47.13,136.35
鑫超澳利富外幣變額年金保險,AGA008,高盛美國高股息基金(每月配息)(澳幣對沖),-2.28,-0.14,11.78,6.5,4.47,13.01,41.16,49.15,151.83
鑫超澳利富外幣變額年金保險,AGA010,高盛旗艦多元資產基金(每月配息)(澳幣對沖),-1.1,-0.77,3.56,0.91,2.53,1.98,15.67,-2.2,11.43
鑫超澳利富外幣變額年金保險,AHA001,瀚亞投資優質公司債基金Ａａｄｍｃ１（澳幣避險）,-2.34,-3.76,-2.34,-3.0,-2.27,-0.75,9.83,-10.17,25.05
鑫超澳利富外幣變額年金保險,AHA003,瀚亞投資全球價值股票基金Ａａｄｍｃ１（澳幣避險）,-3.58,2.27,9.91,10.09,16.17,33.65,65.09,48.34,127.44
鑫超澳利富外幣變額年金保險,AMA001,摩根多重收益基金(利率入息)(澳幣對沖),-1.38,-0.17,5.85,6.34,9.31,15.48,32.55,17.69,88.82
鑫超澳利富外幣變額年金保險,AMA002,摩根亞太入息基金（利率入息）（澳幣對沖）,-0.43,0.8,6.87,8.41,11.8,24.0,41.82,21.42,78.35
鑫超澳利富外幣變額年金保險,ASA001,摩根士丹利環球平衡收益基金(澳幣避險月配),0.69,0.86,9.4,8.3,12.32,14.9,30.51,24.21,36.7
鑫超澳利富外幣變額年金保險,AWA001,安聯收益成長基金（每月配息）（澳幣避險）,-0.64,-1.24,6.48,5.57,8.06,17.48,35.61,16.61,173.91
鑫超澳利富外幣變額年金保險,AWA003,安聯全球新興市場高股息基金(每月配息)(澳幣避險),4.96,1.92,20.94,27.61,34.16,52.45,79.34,71.71,186.68
鑫超澳利富外幣變額年金保險,BRA008,貝萊德全球股票收益基金Ａ８（澳幣避險）,-0.58,4.71,13.91,10.96,14.64,22.03,47.21,31.93,124.51
鑫超澳利富外幣變額年金保險,BRA010,貝萊德環球企業債券基金Ａ８（澳幣避險）,-2.31,-3.37,-1.63,-2.09,-1.0,2.06,12.93,-5.54,36.91
鑫超澳利富外幣變額年金保險,BSA002,施羅德環球企業債券基金（每月配息）（澳幣對沖）,-1.74,-2.9,-0.62,-1.92,-1.47,1.07,12.53,-7.18,61.29
鑫超澳利富外幣變額年金保險,BSA004,施羅德環球股債收息基金（每月配息）（澳幣對沖）,-2.69,1.28,6.29,4.2,6.79,16.02,30.89,16.89,52.18
鑫超澳利富外幣變額年金保險,BSA005,施羅德亞洲高息股債基金（每月配息）（澳幣對沖）,-0.18,0.17,14.14,18.17,22.22,32.02,54.14,25.58,95.64
鑫超澳利富外幣變額年金保險,BSA006,施羅德亞洲股息基金(每月配息)(澳幣對沖),1.58,4.56,18.3,24.53,32.35,47.75,72.74,55.14,102.76
鑫超澳利富外幣變額年金保險,BSA009,施羅德環球收息債券基金(每月配息)(澳幣避險),-2.12,-2.43,-0.06,-1.27,-0.44,5.61,18.14,3.55,31.2
鑫超澳利富外幣變額年金保險,BSA010,施羅德環球多元收益基金（每月配息）（澳幣避險）,-1.63,0.93,4.55,4.79,8.09,19.89,36.55,25.34,48.84
鑫超澳利富外幣變額年金保險,BSA011,委託施羅德投資帳戶-澳幣雙平衡(新現金撥回)(全權委託帳戶之資產撥回機制來源可能為本金)(撥回率或撥回金額非固定),0.93,1.97,15.01,11.22,14.19,28.01,44.16,-,40.67
鑫超澳利富外幣變額年金保險,BZA005,瑞銀(盧森堡)美元基金(澳幣避險累積),0.3,0.96,1.94,2.6,-,-,-,-,3.02
鑫超澳利富外幣變額年金保險,BZA006,瑞銀(盧森堡)美元基金(澳幣避險累積),0.3,0.96,1.94,2.6,-,-,-,-,3.02
基優人生變額壽險<已停售/暫時停止銷售>,ABU002,聯博國際醫療基金,-3.2,7.07,12.48,6.38,20.24,2.91,20.9,18.95,911.52
基優人生變額壽險<已停售/暫時停止銷售>,ABU006,聯博美國成長基金,1.6,5.45,15.03,5.13,6.62,22.32,65.59,46.49,1296.6
基優人生變額壽險<已停售/暫時停止銷售>,ABU011,聯博美國收益基金ＡＴ,-3.5,-3.87,-2.35,-3.33,-2.41,1.43,14.61,-0.09,182.85
基優人生變額壽險<已停售/暫時停止銷售>,ABU062,聯博優化波動股票基金(美元月配),-1.16,6.42,12.53,5.64,7.43,17.41,47.48,47.28,212.49
基優人生變額壽險<已停售/暫時停止銷售>,ACT001,國泰中小成長基金,11.8,1.45,47.23,80.86,113.23,175.12,255.1,299.18,3418.0
基優人生變額壽險<已停售/暫時停止銷售>,ACT002,國泰台灣貨幣市場基金,0.14,0.42,0.8,1.14,1.53,3.03,4.37,5.77,32.77
基優人生變額壽險<已停售/暫時停止銷售>,ACT008,國泰國泰基金,7.95,-5.4,41.37,72.99,106.01,164.24,265.7,293.66,1732.5
基優人生變額壽險<已停售/暫時停止銷售>,ACT026,國泰台灣貨幣市場基金,0.14,0.42,0.8,1.14,1.53,3.03,4.37,5.77,32.77
基優人生變額壽險<已停售/暫時停止銷售>,ACT043,國泰美國多重收益平衡基金,-0.35,-0.08,5.7,3.51,7.08,11.03,31.05,25.9,38.66
基優人生變額壽險<已停售/暫時停止銷售>,ACT045,國泰台灣高股息基金,9.87,6.68,64.21,98.93,129.56,197.17,304.44,423.45,793.0
基優人生變額壽險<已停售/暫時停止銷售>,ACT046,國泰美國ESG基金,0.94,-3.53,18.08,18.36,29.33,31.35,73.37,-,94.0
基優人生變額壽險<已停售/暫時停止銷售>,ACT047,國泰美國優質債券基金(新臺幣累積),-2.3,-2.69,-2.83,-2.52,0.07,-1.7,7.15,-,8.69
基優人生變額壽險<已停售/暫時停止銷售>,ACT049,國泰台灣高股息基金(新臺幣月配),9.86,6.66,64.18,98.93,129.52,197.13,304.15,423.3,792.99
基優人生變額壽險<已停售/暫時停止銷售>,ACT050,國泰美國優質債券基金(新臺幣月配),-2.3,-2.69,-2.83,-2.52,0.08,-1.69,7.15,-,8.68
基優人生變額壽險<已停售/暫時停止銷售>,AEU010,首源亞洲優質債券基金(每月配息),-0.98,-1.59,-0.98,-2.24,-1.78,1.31,14.62,-1.42,37.2
基優人生變額壽險<已停售/暫時停止銷售>,AEU012,首源首域盈信印度次大陸基金,-2.78,-1.06,9.77,-11.64,-13.33,-24.74,7.49,9.38,1478.09
基優人生變額壽險<已停售/暫時停止銷售>,AFU056,富達美元現金基金,0.3,0.92,1.82,2.64,3.72,8.28,14.13,19.89,35.79
基優人生變額壽險<已停售/暫時停止銷售>,AFU063,富達全球科技基金,0.6,7.2,20.82,16.73,21.43,48.35,98.53,100.7,670.1
基優人生變額壽險<已停售/暫時停止銷售>,AFU065,富達日本價值基金(美元避險累積),0.7,-3.96,11.48,23.45,39.78,82.82,112.05,189.77,443.9
基優人生變額壽險<已停售/暫時停止銷售>,AFU066,富達美元債券基金(A股C月配),-2.65,-3.8,-3.2,-3.61,-2.61,-1.33,9.39,-6.93,-7.37
基優人生變額壽險<已停售/暫時停止銷售>,AFU067,富達永續發展全球存股優勢基金(美元穩定月配),-2.47,0.36,11.15,8.55,14.94,26.56,54.71,68.39,78.44
基優人生變額壽險<已停售/暫時停止銷售>,AFU069,富達全球優質債券基金(美元穩定月配),-2.29,-2.25,0.12,-0.87,0.56,7.57,20.54,9.37,46.89
基優人生變額壽險<已停售/暫時停止銷售>,AGT026,野村優質基金(新臺幣累積),5.7,12.12,69.39,120.83,155.26,258.31,338.11,422.01,4989.1
基優人生變額壽險<已停售/暫時停止銷售>,AGT027,野村高科技基金(新臺幣累積),5.38,4.44,47.35,94.95,146.53,241.23,316.14,491.09,1173.8
基優人生變額壽險<已停售/暫時停止銷售>,AGU007,高盛投資級公司債基金(每月配息),-1.65,-2.93,-1.85,-3.03,-2.42,0.56,13.11,-6.79,60.04
基優人生變額壽險<已停售/暫時停止銷售>,AHT007,瀚亞印度基金(新臺幣累積),-5.1,2.32,13.15,-5.75,-3.0,-14.34,21.76,41.37,460.1
基優人生變額壽險<已停售/暫時停止銷售>,AHT008,瀚亞美國高科技基金(新臺幣累積),5.59,-3.15,50.62,61.43,63.32,114.84,221.95,199.29,1550.0
基優人生變額壽險<已停售/暫時停止銷售>,AHT009,瀚亞多重收益優化組合基金(新臺幣月配),-1.04,-0.14,8.41,8.79,13.05,16.93,36.01,40.29,58.84
基優人生變額壽險<已停售/暫時停止銷售>,AHU020,瀚亞美國優質債券基金(美元月配),-2.18,-3.64,-2.16,-2.73,-1.66,1.1,14.39,-3.6,98.35
基優人生變額壽險<已停售/暫時停止銷售>,AKU039,富蘭克林坦伯頓精選收益基金(美元月配),-2.17,-1.96,-0.62,-1.24,0.14,3.96,15.35,3.45,78.23
基優人生變額壽險<已停售/暫時停止銷售>,AKU040,富蘭克林坦伯頓全球氣候變遷基金(美元避險累積),-0.58,1.5,15.47,21.37,32.94,34.75,52.62,61.04,156.7
基優人生變額壽險<已停售/暫時停止銷售>,AKU041,美盛銳思美國小型公司機會基金(美元累積),-3.54,-7.92,10.41,20.25,23.31,40.8,62.33,48.04,338.72
基優人生變額壽險<已停售/暫時停止銷售>,AMU018,摩根美國複合收益基金（每月派息）,-2.61,-3.82,-2.85,-3.27,-2.09,-0.21,10.54,-5.53,37.7
基優人生變額壽險<已停售/暫時停止銷售>,AMU022,摩根多重收益基金（每月派息）,-1.43,-0.3,5.69,6.28,9.38,16.63,35.91,24.34,108.46
基優人生變額壽險<已停售/暫時停止銷售>,AMU067,摩根美國企業成長基金,4.33,3.21,13.51,3.83,4.8,24.73,78.06,60.98,922.4
基優人生變額壽險<已停售/暫時停止銷售>,AMU076,摩根美國科技基金 (美元累積),7.4,2.54,27.61,15.38,17.09,50.94,107.26,61.5,1476.6
基優人生變額壽險<已停售/暫時停止銷售>,ASU008,摩根士丹利環球品牌基金,-4.38,5.84,5.64,-8.0,-9.56,-10.34,6.64,-0.82,713.8
基優人生變額壽險<已停售/暫時停止銷售>,AWT002,安聯臺灣科技基金(新臺幣累積),10.57,-5.79,58.76,109.37,187.61,290.31,427.49,539.54,8013.8
基優人生變額壽險<已停售/暫時停止銷售>,AWT003,安聯臺灣貨幣市場基金(新臺幣累積),0.14,0.41,0.8,1.13,1.52,3.03,4.42,6.02,34.06
基優人生變額壽險<已停售/暫時停止銷售>,AWU020,安聯多元信用債券基金(每月配息),-0.98,-0.79,0.87,0.16,1.33,7.19,17.58,15.37,22.65
基優人生變額壽險<已停售/暫時停止銷售>,AWU028,安聯全球永續發展基金(美元年配),-2.46,1.36,7.97,-0.39,3.34,6.8,33.38,17.71,491.48
基優人生變額壽險<已停售/暫時停止銷售>,AWU029,安聯收益成長基金(美元AM5月配),-0.7,-1.39,6.3,5.51,8.24,18.68,-,-,26.35
基優人生變額壽險<已停售/暫時停止銷售>,BNU004,駿利亨德森平衡基金(美元穩定月配),-1.67,1.02,7.58,2.8,4.22,16.66,43.52,-,43.71
基優人生變額壽險<已停售/暫時停止銷售>,BSU050,施羅德環球收息債券基金(每月配息),-2.1,-2.52,-0.25,-1.43,-0.43,6.16,20.3,7.76,39.08
基優人生變額壽險<已停售/暫時停止銷售>,BSU052,施羅德環球多元收益基金（每月配息）,-1.61,0.86,4.43,4.78,8.29,21.06,39.75,31.03,59.98
基優人生變額壽險<已停售/暫時停止銷售>,BSU056,施羅德環球永續增長基金,-1.34,6.62,20.06,10.36,15.16,21.65,56.61,42.4,390.54
基優人生變額壽險<已停售/暫時停止銷售>,BSU066,施羅德環球收益成長基金(美元月配),-2.99,0.3,10.09,11.11,14.51,35.15,56.92,37.34,88.4
基優人生變額壽險<已停售/暫時停止銷售>,BSU067,施羅德美國大型股基金(美元累積),-0.32,5.22,15.67,6.11,8.09,30.38,74.61,72.38,307.26
基優人生變額萬能壽險,ABU002,聯博國際醫療基金,-3.2,7.07,12.48,6.38,20.24,2.91,20.9,18.95,911.52
基優人生變額萬能壽險,ABU006,聯博美國成長基金,1.6,5.45,15.03,5.13,6.62,22.32,65.59,46.49,1296.6
基優人生變額萬能壽險,ABU011,聯博美國收益基金ＡＴ,-3.5,-3.87,-2.35,-3.33,-2.41,1.43,14.61,-0.09,182.85
基優人生變額萬能壽險,ABU062,聯博優化波動股票基金(美元月配),-1.16,6.42,12.53,5.64,7.43,17.41,47.48,47.28,212.49
基優人生變額萬能壽險,ACT001,國泰中小成長基金,11.8,1.45,47.23,80.86,113.23,175.12,255.1,299.18,3418.0
基優人生變額萬能壽險,ACT002,國泰台灣貨幣市場基金,0.14,0.42,0.8,1.14,1.53,3.03,4.37,5.77,32.77
基優人生變額萬能壽險,ACT008,國泰國泰基金,7.95,-5.4,41.37,72.99,106.01,164.24,265.7,293.66,1732.5
基優人生變額萬能壽險,ACT026,國泰台灣貨幣市場基金,0.14,0.42,0.8,1.14,1.53,3.03,4.37,5.77,32.77
基優人生變額萬能壽險,ACT043,國泰美國多重收益平衡基金,-0.35,-0.08,5.7,3.51,7.08,11.03,31.05,25.9,38.66
基優人生變額萬能壽險,ACT045,國泰台灣高股息基金,9.87,6.68,64.21,98.93,129.56,197.17,304.44,423.45,793.0
基優人生變額萬能壽險,ACT046,國泰美國ESG基金,0.94,-3.53,18.08,18.36,29.33,31.35,73.37,-,94.0
基優人生變額萬能壽險,ACT047,國泰美國優質債券基金(新臺幣累積),-2.3,-2.69,-2.83,-2.52,0.07,-1.7,7.15,-,8.69
基優人生變額萬能壽險,ACT049,國泰台灣高股息基金(新臺幣月配),9.86,6.66,64.18,98.93,129.52,197.13,304.15,423.3,792.99
基優人生變額萬能壽險,ACT050,國泰美國優質債券基金(新臺幣月配),-2.3,-2.69,-2.83,-2.52,0.08,-1.69,7.15,-,8.68
基優人生變額萬能壽險,AEU010,首源亞洲優質債券基金(每月配息),-0.98,-1.59,-0.98,-2.24,-1.78,1.31,14.62,-1.42,37.2
基優人生變額萬能壽險,AEU012,首源首域盈信印度次大陸基金,-2.78,-1.06,9.77,-11.64,-13.33,-24.74,7.49,9.38,1478.09
基優人生變額萬能壽險,AFU056,富達美元現金基金,0.3,0.92,1.82,2.64,3.72,8.28,14.13,19.89,35.79
基優人生變額萬能壽險,AFU063,富達全球科技基金,0.6,7.2,20.82,16.73,21.43,48.35,98.53,100.7,670.1
基優人生變額萬能壽險,AFU065,富達日本價值基金(美元避險累積),0.7,-3.96,11.48,23.45,39.78,82.82,112.05,189.77,443.9
基優人生變額萬能壽險,AFU066,富達美元債券基金(A股C月配),-2.65,-3.8,-3.2,-3.61,-2.61,-1.33,9.39,-6.93,-7.37
基優人生變額萬能壽險,AFU067,富達永續發展全球存股優勢基金(美元穩定月配),-2.47,0.36,11.15,8.55,14.94,26.56,54.71,68.39,78.44
基優人生變額萬能壽險,AFU069,富達全球優質債券基金(美元穩定月配),-2.29,-2.25,0.12,-0.87,0.56,7.57,20.54,9.37,46.89
基優人生變額萬能壽險,AGT026,野村優質基金(新臺幣累積),5.7,12.12,69.39,120.83,155.26,258.31,338.11,422.01,4989.1
基優人生變額萬能壽險,AGT027,野村高科技基金(新臺幣累積),5.38,4.44,47.35,94.95,146.53,241.23,316.14,491.09,1173.8
基優人生變額萬能壽險,AGU007,高盛投資級公司債基金(每月配息),-1.65,-2.93,-1.85,-3.03,-2.42,0.56,13.11,-6.79,60.04
基優人生變額萬能壽險,AHT007,瀚亞印度基金(新臺幣累積),-5.1,2.32,13.15,-5.75,-3.0,-14.34,21.76,41.37,460.1
基優人生變額萬能壽險,AHT008,瀚亞美國高科技基金(新臺幣累積),5.59,-3.15,50.62,61.43,63.32,114.84,221.95,199.29,1550.0
基優人生變額萬能壽險,AHT009,瀚亞多重收益優化組合基金(新臺幣月配),-1.04,-0.14,8.41,8.79,13.05,16.93,36.01,40.29,58.84
基優人生變額萬能壽險,AHU020,瀚亞美國優質債券基金(美元月配),-2.18,-3.64,-2.16,-2.73,-1.66,1.1,14.39,-3.6,98.35
基優人生變額萬能壽險,AKU039,富蘭克林坦伯頓精選收益基金(美元月配),-2.17,-1.96,-0.62,-1.24,0.14,3.96,15.35,3.45,78.23
基優人生變額萬能壽險,AKU040,富蘭克林坦伯頓全球氣候變遷基金(美元避險累積),-0.58,1.5,15.47,21.37,32.94,34.75,52.62,61.04,156.7
基優人生變額萬能壽險,AKU041,美盛銳思美國小型公司機會基金(美元累積),-3.54,-7.92,10.41,20.25,23.31,40.8,62.33,48.04,338.72
基優人生變額萬能壽險,AMU018,摩根美國複合收益基金（每月派息）,-2.61,-3.82,-2.85,-3.27,-2.09,-0.21,10.54,-5.53,37.7
基優人生變額萬能壽險,AMU022,摩根多重收益基金（每月派息）,-1.43,-0.3,5.69,6.28,9.38,16.63,35.91,24.34,108.46
基優人生變額萬能壽險,AMU067,摩根美國企業成長基金,4.33,3.21,13.51,3.83,4.8,24.73,78.06,60.98,922.4
基優人生變額萬能壽險,AMU076,摩根美國科技基金 (美元累積),7.4,2.54,27.61,15.38,17.09,50.94,107.26,61.5,1476.6
基優人生變額萬能壽險,ASU008,摩根士丹利環球品牌基金,-4.38,5.84,5.64,-8.0,-9.56,-10.34,6.64,-0.82,713.8
基優人生變額萬能壽險,AWT002,安聯臺灣科技基金(新臺幣累積),10.57,-5.79,58.76,109.37,187.61,290.31,427.49,539.54,8013.8
基優人生變額萬能壽險,AWT003,安聯臺灣貨幣市場基金(新臺幣累積),0.14,0.41,0.8,1.13,1.52,3.03,4.42,6.02,34.06
基優人生變額萬能壽險,AWU020,安聯多元信用債券基金(每月配息),-0.98,-0.79,0.87,0.16,1.33,7.19,17.58,15.37,22.65
基優人生變額萬能壽險,AWU028,安聯全球永續發展基金(美元年配),-2.46,1.36,7.97,-0.39,3.34,6.8,33.38,17.71,491.48
基優人生變額萬能壽險,AWU029,安聯收益成長基金(美元AM5月配),-0.7,-1.39,6.3,5.51,8.24,18.68,-,-,26.35
基優人生變額萬能壽險,BNU004,駿利亨德森平衡基金(美元穩定月配),-1.67,1.02,7.58,2.8,4.22,16.66,43.52,-,43.71
基優人生變額萬能壽險,BSU050,施羅德環球收息債券基金(每月配息),-2.1,-2.52,-0.25,-1.43,-0.43,6.16,20.3,7.76,39.08
基優人生變額萬能壽險,BSU052,施羅德環球多元收益基金（每月配息）,-1.61,0.86,4.43,4.78,8.29,21.06,39.75,31.03,59.98
基優人生變額萬能壽險,BSU056,施羅德環球永續增長基金,-1.34,6.62,20.06,10.36,15.16,21.65,56.61,42.4,390.54
基優人生變額萬能壽險,BSU066,施羅德環球收益成長基金(美元月配),-2.99,0.3,10.09,11.11,14.51,35.15,56.92,37.34,88.4
基優人生變額萬能壽險,BSU067,施羅德美國大型股基金(美元累積),-0.32,5.22,15.67,6.11,8.09,30.38,74.61,72.38,307.26
基優人生變額年金保險,ABU002,聯博國際醫療基金,-3.2,7.07,12.48,6.38,20.24,2.91,20.9,18.95,911.52
基優人生變額年金保險,ABU006,聯博美國成長基金,1.6,5.45,15.03,5.13,6.62,22.32,65.59,46.49,1296.6
基優人生變額年金保險,ABU011,聯博美國收益基金ＡＴ,-3.5,-3.87,-2.35,-3.33,-2.41,1.43,14.61,-0.09,182.85
基優人生變額年金保險,ABU062,聯博優化波動股票基金(美元月配),-1.16,6.42,12.53,5.64,7.43,17.41,47.48,47.28,212.49
基優人生變額年金保險,ACT001,國泰中小成長基金,11.8,1.45,47.23,80.86,113.23,175.12,255.1,299.18,3418.0
基優人生變額年金保險,ACT002,國泰台灣貨幣市場基金,0.14,0.42,0.8,1.14,1.53,3.03,4.37,5.77,32.77
基優人生變額年金保險,ACT008,國泰國泰基金,7.95,-5.4,41.37,72.99,106.01,164.24,265.7,293.66,1732.5
基優人生變額年金保險,ACT026,國泰台灣貨幣市場基金,0.14,0.42,0.8,1.14,1.53,3.03,4.37,5.77,32.77
基優人生變額年金保險,ACT043,國泰美國多重收益平衡基金,-0.35,-0.08,5.7,3.51,7.08,11.03,31.05,25.9,38.66
基優人生變額年金保險,ACT045,國泰台灣高股息基金,9.87,6.68,64.21,98.93,129.56,197.17,304.44,423.45,793.0
基優人生變額年金保險,ACT046,國泰美國ESG基金,0.94,-3.53,18.08,18.36,29.33,31.35,73.37,-,94.0
基優人生變額年金保險,ACT047,國泰美國優質債券基金(新臺幣累積),-2.3,-2.69,-2.83,-2.52,0.07,-1.7,7.15,-,8.69
基優人生變額年金保險,ACT049,國泰台灣高股息基金(新臺幣月配),9.86,6.66,64.18,98.93,129.52,197.13,304.15,423.3,792.99
基優人生變額年金保險,ACT050,國泰美國優質債券基金(新臺幣月配),-2.3,-2.69,-2.83,-2.52,0.08,-1.69,7.15,-,8.68
基優人生變額年金保險,AEU010,首源亞洲優質債券基金(每月配息),-0.98,-1.59,-0.98,-2.24,-1.78,1.31,14.62,-1.42,37.2
基優人生變額年金保險,AEU012,首源首域盈信印度次大陸基金,-2.78,-1.06,9.77,-11.64,-13.33,-24.74,7.49,9.38,1478.09
基優人生變額年金保險,AFU056,富達美元現金基金,0.3,0.92,1.82,2.64,3.72,8.28,14.13,19.89,35.79
基優人生變額年金保險,AFU063,富達全球科技基金,0.6,7.2,20.82,16.73,21.43,48.35,98.53,100.7,670.1
基優人生變額年金保險,AFU065,富達日本價值基金(美元避險累積),0.7,-3.96,11.48,23.45,39.78,82.82,112.05,189.77,443.9
基優人生變額年金保險,AFU066,富達美元債券基金(A股C月配),-2.65,-3.8,-3.2,-3.61,-2.61,-1.33,9.39,-6.93,-7.37
基優人生變額年金保險,AFU067,富達永續發展全球存股優勢基金(美元穩定月配),-2.47,0.36,11.15,8.55,14.94,26.56,54.71,68.39,78.44
基優人生變額年金保險,AFU069,富達全球優質債券基金(美元穩定月配),-2.29,-2.25,0.12,-0.87,0.56,7.57,20.54,9.37,46.89
基優人生變額年金保險,AGT026,野村優質基金(新臺幣累積),5.7,12.12,69.39,120.83,155.26,258.31,338.11,422.01,4989.1
基優人生變額年金保險,AGT027,野村高科技基金(新臺幣累積),5.38,4.44,47.35,94.95,146.53,241.23,316.14,491.09,1173.8
基優人生變額年金保險,AGU007,高盛投資級公司債基金(每月配息),-1.65,-2.93,-1.85,-3.03,-2.42,0.56,13.11,-6.79,60.04
基優人生變額年金保險,AHT007,瀚亞印度基金(新臺幣累積),-5.1,2.32,13.15,-5.75,-3.0,-14.34,21.76,41.37,460.1
基優人生變額年金保險,AHT008,瀚亞美國高科技基金(新臺幣累積),5.59,-3.15,50.62,61.43,63.32,114.84,221.95,199.29,1550.0
基優人生變額年金保險,AHT009,瀚亞多重收益優化組合基金(新臺幣月配),-1.04,-0.14,8.41,8.79,13.05,16.93,36.01,40.29,58.84
基優人生變額年金保險,AHU020,瀚亞美國優質債券基金(美元月配),-2.18,-3.64,-2.16,-2.73,-1.66,1.1,14.39,-3.6,98.35
基優人生變額年金保險,AKU039,富蘭克林坦伯頓精選收益基金(美元月配),-2.17,-1.96,-0.62,-1.24,0.14,3.96,15.35,3.45,78.23
基優人生變額年金保險,AKU040,富蘭克林坦伯頓全球氣候變遷基金(美元避險累積),-0.58,1.5,15.47,21.37,32.94,34.75,52.62,61.04,156.7
基優人生變額年金保險,AKU041,美盛銳思美國小型公司機會基金(美元累積),-3.54,-7.92,10.41,20.25,23.31,40.8,62.33,48.04,338.72
基優人生變額年金保險,AMU018,摩根美國複合收益基金（每月派息）,-2.61,-3.82,-2.85,-3.27,-2.09,-0.21,10.54,-5.53,37.7
基優人生變額年金保險,AMU022,摩根多重收益基金（每月派息）,-1.43,-0.3,5.69,6.28,9.38,16.63,35.91,24.34,108.46
基優人生變額年金保險,AMU067,摩根美國企業成長基金,4.33,3.21,13.51,3.83,4.8,24.73,78.06,60.98,922.4
基優人生變額年金保險,AMU076,摩根美國科技基金 (美元累積),7.4,2.54,27.61,15.38,17.09,50.94,107.26,61.5,1476.6
基優人生變額年金保險,ASU008,摩根士丹利環球品牌基金,-4.38,5.84,5.64,-8.0,-9.56,-10.34,6.64,-0.82,713.8
基優人生變額年金保險,AWT002,安聯臺灣科技基金(新臺幣累積),10.57,-5.79,58.76,109.37,187.61,290.31,427.49,539.54,8013.8
基優人生變額年金保險,AWT003,安聯臺灣貨幣市場基金(新臺幣累積),0.14,0.41,0.8,1.13,1.52,3.03,4.42,6.02,34.06
基優人生變額年金保險,AWU020,安聯多元信用債券基金(每月配息),-0.98,-0.79,0.87,0.16,1.33,7.19,17.58,15.37,22.65
基優人生變額年金保險,AWU028,安聯全球永續發展基金(美元年配),-2.46,1.36,7.97,-0.39,3.34,6.8,33.38,17.71,491.48
基優人生變額年金保險,AWU029,安聯收益成長基金(美元AM5月配),-0.7,-1.39,6.3,5.51,8.24,18.68,-,-,26.35
基優人生變額年金保險,BNU004,駿利亨德森平衡基金(美元穩定月配),-1.67,1.02,7.58,2.8,4.22,16.66,43.52,-,43.71
基優人生變額年金保險,BSU050,施羅德環球收息債券基金(每月配息),-2.1,-2.52,-0.25,-1.43,-0.43,6.16,20.3,7.76,39.08
基優人生變額年金保險,BSU052,施羅德環球多元收益基金（每月配息）,-1.61,0.86,4.43,4.78,8.29,21.06,39.75,31.03,59.98
基優人生變額年金保險,BSU056,施羅德環球永續增長基金,-1.34,6.62,20.06,10.36,15.16,21.65,56.61,42.4,390.54
基優人生變額年金保險,BSU066,施羅德環球收益成長基金(美元月配),-2.99,0.3,10.09,11.11,14.51,35.15,56.92,37.34,88.4
基優人生變額年金保險,BSU067,施羅德美國大型股基金(美元累積),-0.32,5.22,15.67,6.11,8.09,30.38,74.61,72.38,307.26
基優人生外幣變額萬能壽險,ABU002,聯博國際醫療基金,-3.2,7.07,12.48,6.38,20.24,2.91,20.9,18.95,911.52
基優人生外幣變額萬能壽險,ABU006,聯博美國成長基金,1.6,5.45,15.03,5.13,6.62,22.32,65.59,46.49,1296.6
基優人生外幣變額萬能壽險,ABU011,聯博美國收益基金ＡＴ,-3.5,-3.87,-2.35,-3.33,-2.41,1.43,14.61,-0.09,182.85
基優人生外幣變額萬能壽險,ABU062,聯博優化波動股票基金(美元月配),-1.16,6.42,12.53,5.64,7.43,17.41,47.48,47.28,212.49
基優人生外幣變額萬能壽險,AEU010,首源亞洲優質債券基金(每月配息),-0.98,-1.59,-0.98,-2.24,-1.78,1.31,14.62,-1.42,37.2
基優人生外幣變額萬能壽險,AEU012,首源首域盈信印度次大陸基金,-2.78,-1.06,9.77,-11.64,-13.33,-24.74,7.49,9.38,1478.09
基優人生外幣變額萬能壽險,AFU054,富達美元現金基金,0.3,0.92,1.82,2.64,3.72,8.28,14.13,19.89,35.79
基優人生外幣變額萬能壽險,AFU056,富達美元現金基金,0.3,0.92,1.82,2.64,3.72,8.28,14.13,19.89,35.79
基優人生外幣變額萬能壽險,AFU063,富達全球科技基金,0.6,7.2,20.82,16.73,21.43,48.35,98.53,100.7,670.1
基優人生外幣變額萬能壽險,AFU065,富達日本價值基金(美元避險累積),0.7,-3.96,11.48,23.45,39.78,82.82,112.05,189.77,443.9
基優人生外幣變額萬能壽險,AFU066,富達美元債券基金(A股C月配),-2.65,-3.8,-3.2,-3.61,-2.61,-1.33,9.39,-6.93,-7.37
基優人生外幣變額萬能壽險,AFU067,富達永續發展全球存股優勢基金(美元穩定月配),-2.47,0.36,11.15,8.55,14.94,26.56,54.71,68.39,78.44
基優人生外幣變額萬能壽險,AFU069,富達全球優質債券基金(美元穩定月配),-2.29,-2.25,0.12,-0.87,0.56,7.57,20.54,9.37,46.89
基優人生外幣變額萬能壽險,AGU007,高盛投資級公司債基金(每月配息),-1.65,-2.93,-1.85,-3.03,-2.42,0.56,13.11,-6.79,60.04
基優人生外幣變額萬能壽險,AHU020,瀚亞美國優質債券基金(美元月配),-2.18,-3.64,-2.16,-2.73,-1.66,1.1,14.39,-3.6,98.35
基優人生外幣變額萬能壽險,AKU039,富蘭克林坦伯頓精選收益基金(美元月配),-2.17,-1.96,-0.62,-1.24,0.14,3.96,15.35,3.45,78.23
基優人生外幣變額萬能壽險,AKU040,富蘭克林坦伯頓全球氣候變遷基金(美元避險累積),-0.58,1.5,15.47,21.37,32.94,34.75,52.62,61.04,156.7
基優人生外幣變額萬能壽險,AKU041,美盛銳思美國小型公司機會基金(美元累積),-3.54,-7.92,10.41,20.25,23.31,40.8,62.33,48.04,338.72
基優人生外幣變額萬能壽險,AMU018,摩根美國複合收益基金（每月派息）,-2.61,-3.82,-2.85,-3.27,-2.09,-0.21,10.54,-5.53,37.7
基優人生外幣變額萬能壽險,AMU022,摩根多重收益基金（每月派息）,-1.43,-0.3,5.69,6.28,9.38,16.63,35.91,24.34,108.46
基優人生外幣變額萬能壽險,AMU067,摩根美國企業成長基金,4.33,3.21,13.51,3.83,4.8,24.73,78.06,60.98,922.4
基優人生外幣變額萬能壽險,AMU076,摩根美國科技基金 (美元累積),7.4,2.54,27.61,15.38,17.09,50.94,107.26,61.5,1476.6
基優人生外幣變額萬能壽險,ASU008,摩根士丹利環球品牌基金,-4.38,5.84,5.64,-8.0,-9.56,-10.34,6.64,-0.82,713.8
基優人生外幣變額萬能壽險,AWU020,安聯多元信用債券基金(每月配息),-0.98,-0.79,0.87,0.16,1.33,7.19,17.58,15.37,22.65
基優人生外幣變額萬能壽險,AWU028,安聯全球永續發展基金(美元年配),-2.46,1.36,7.97,-0.39,3.34,6.8,33.38,17.71,491.48
基優人生外幣變額萬能壽險,AWU029,安聯收益成長基金(美元AM5月配),-0.7,-1.39,6.3,5.51,8.24,18.68,-,-,26.35
基優人生外幣變額萬能壽險,BNU004,駿利亨德森平衡基金(美元穩定月配),-1.67,1.02,7.58,2.8,4.22,16.66,43.52,-,43.71
基優人生外幣變額萬能壽險,BSU050,施羅德環球收息債券基金(每月配息),-2.1,-2.52,-0.25,-1.43,-0.43,6.16,20.3,7.76,39.08
基優人生外幣變額萬能壽險,BSU052,施羅德環球多元收益基金（每月配息）,-1.61,0.86,4.43,4.78,8.29,21.06,39.75,31.03,59.98
基優人生外幣變額萬能壽險,BSU056,施羅德環球永續增長基金,-1.34,6.62,20.06,10.36,15.16,21.65,56.61,42.4,390.54
基優人生外幣變額萬能壽險,BSU066,施羅德環球收益成長基金(美元月配),-2.99,0.3,10.09,11.11,14.51,35.15,56.92,37.34,88.4
基優人生外幣變額萬能壽險,BSU067,施羅德美國大型股基金(美元累積),-0.32,5.22,15.67,6.11,8.09,30.38,74.61,72.38,307.26
基優人生外幣變額年金保險,ABU002,聯博國際醫療基金,-3.2,7.07,12.48,6.38,20.24,2.91,20.9,18.95,911.52
基優人生外幣變額年金保險,ABU006,聯博美國成長基金,1.6,5.45,15.03,5.13,6.62,22.32,65.59,46.49,1296.6
基優人生外幣變額年金保險,ABU011,聯博美國收益基金ＡＴ,-3.5,-3.87,-2.35,-3.33,-2.41,1.43,14.61,-0.09,182.85
基優人生外幣變額年金保險,ABU062,聯博優化波動股票基金(美元月配),-1.16,6.42,12.53,5.64,7.43,17.41,47.48,47.28,212.49
基優人生外幣變額年金保險,AEU010,首源亞洲優質債券基金(每月配息),-0.98,-1.59,-0.98,-2.24,-1.78,1.31,14.62,-1.42,37.2
基優人生外幣變額年金保險,AEU012,首源首域盈信印度次大陸基金,-2.78,-1.06,9.77,-11.64,-13.33,-24.74,7.49,9.38,1478.09
基優人生外幣變額年金保險,AFU054,富達美元現金基金,0.3,0.92,1.82,2.64,3.72,8.28,14.13,19.89,35.79
基優人生外幣變額年金保險,AFU056,富達美元現金基金,0.3,0.92,1.82,2.64,3.72,8.28,14.13,19.89,35.79
基優人生外幣變額年金保險,AFU063,富達全球科技基金,0.6,7.2,20.82,16.73,21.43,48.35,98.53,100.7,670.1
基優人生外幣變額年金保險,AFU065,富達日本價值基金(美元避險累積),0.7,-3.96,11.48,23.45,39.78,82.82,112.05,189.77,443.9
基優人生外幣變額年金保險,AFU066,富達美元債券基金(A股C月配),-2.65,-3.8,-3.2,-3.61,-2.61,-1.33,9.39,-6.93,-7.37
基優人生外幣變額年金保險,AFU067,富達永續發展全球存股優勢基金(美元穩定月配),-2.47,0.36,11.15,8.55,14.94,26.56,54.71,68.39,78.44
基優人生外幣變額年金保險,AFU069,富達全球優質債券基金(美元穩定月配),-2.29,-2.25,0.12,-0.87,0.56,7.57,20.54,9.37,46.89
基優人生外幣變額年金保險,AGU007,高盛投資級公司債基金(每月配息),-1.65,-2.93,-1.85,-3.03,-2.42,0.56,13.11,-6.79,60.04
基優人生外幣變額年金保險,AHU020,瀚亞美國優質債券基金(美元月配),-2.18,-3.64,-2.16,-2.73,-1.66,1.1,14.39,-3.6,98.35
基優人生外幣變額年金保險,AKU039,富蘭克林坦伯頓精選收益基金(美元月配),-2.17,-1.96,-0.62,-1.24,0.14,3.96,15.35,3.45,78.23
基優人生外幣變額年金保險,AKU040,富蘭克林坦伯頓全球氣候變遷基金(美元避險累積),-0.58,1.5,15.47,21.37,32.94,34.75,52.62,61.04,156.7
基優人生外幣變額年金保險,AKU041,美盛銳思美國小型公司機會基金(美元累積),-3.54,-7.92,10.41,20.25,23.31,40.8,62.33,48.04,338.72
基優人生外幣變額年金保險,AMU018,摩根美國複合收益基金（每月派息）,-2.61,-3.82,-2.85,-3.27,-2.09,-0.21,10.54,-5.53,37.7
基優人生外幣變額年金保險,AMU022,摩根多重收益基金（每月派息）,-1.43,-0.3,5.69,6.28,9.38,16.63,35.91,24.34,108.46
基優人生外幣變額年金保險,AMU067,摩根美國企業成長基金,4.33,3.21,13.51,3.83,4.8,24.73,78.06,60.98,922.4
基優人生外幣變額年金保險,AMU076,摩根美國科技基金 (美元累積),7.4,2.54,27.61,15.38,17.09,50.94,107.26,61.5,1476.6
基優人生外幣變額年金保險,ASU008,摩根士丹利環球品牌基金,-4.38,5.84,5.64,-8.0,-9.56,-10.34,6.64,-0.82,713.8
基優人生外幣變額年金保險,AWU020,安聯多元信用債券基金(每月配息),-0.98,-0.79,0.87,0.16,1.33,7.19,17.58,15.37,22.65
基優人生外幣變額年金保險,AWU028,安聯全球永續發展基金(美元年配),-2.46,1.36,7.97,-0.39,3.34,6.8,33.38,17.71,491.48
基優人生外幣變額年金保險,AWU029,安聯收益成長基金(美元AM5月配),-0.7,-1.39,6.3,5.51,8.24,18.68,-,-,26.35
基優人生外幣變額年金保險,BNU004,駿利亨德森平衡基金(美元穩定月配),-1.67,1.02,7.58,2.8,4.22,16.66,43.52,-,43.71
基優人生外幣變額年金保險,BSU050,施羅德環球收息債券基金(每月配息),-2.1,-2.52,-0.25,-1.43,-0.43,6.16,20.3,7.76,39.08
基優人生外幣變額年金保險,BSU052,施羅德環球多元收益基金（每月配息）,-1.61,0.86,4.43,4.78,8.29,21.06,39.75,31.03,59.98
基優人生外幣變額年金保險,BSU056,施羅德環球永續增長基金,-1.34,6.62,20.06,10.36,15.16,21.65,56.61,42.4,390.54
基優人生外幣變額年金保險,BSU066,施羅德環球收益成長基金(美元月配),-2.99,0.3,10.09,11.11,14.51,35.15,56.92,37.34,88.4
基優人生外幣變額年金保險,BSU067,施羅德美國大型股基金(美元累積),-0.32,5.22,15.67,6.11,8.09,30.38,74.61,72.38,307.26
(超)(真)(新)樂享人生變額年金保險<已停售/暫時停止銷售>,ABU038,委託聯博投資帳戶－全球成長收益型(全權委託帳戶之資產撥回機制來源可能為本金)(撥回率或撥回金額非固定),-0.72,1.12,9.2,6.64,8.95,17.46,37.47,17.43,52.77
(超)(真)(新)樂享人生變額年金保險<已停售/暫時停止銷售>,ABU041,委託聯博投資帳戶－全球成長收益型（單位撥回）(全權委託帳戶之資產撥回機制來源可能為本金)(撥回率或撥回金額非固定),-0.72,1.12,9.2,6.64,8.95,17.46,37.47,17.43,59.13
(超)(真)(新)樂享人生變額年金保險<已停售/暫時停止銷售>,ACT002,國泰台灣貨幣市場基金,0.14,0.42,0.8,1.14,1.53,3.03,4.37,5.77,32.77
(超)(真)(新)樂享人生變額年金保險<已停售/暫時停止銷售>,ACU007,委託國泰投資帳戶－ＶＩＰ多元收益組合（現金撥回）(全權委託帳戶之資產撥回機制來源可能為本金)(撥回率或撥回金額非固定),-0.2,-0.93,11.73,11.85,13.63,25.72,48.69,25.14,71.12
(超)(真)(新)樂享人生變額年金保險<已停售/暫時停止銷售>,ACU009,委託國泰投資帳戶－ＶＩＰ多元收益組合（單位撥回）(全權委託帳戶之資產撥回機制來源可能為本金)(撥回率或撥回金額非固定),-0.2,-0.93,11.73,11.85,13.63,25.72,48.69,25.14,57.07
(超)(真)(新)樂享人生變額年金保險<已停售/暫時停止銷售>,AFU056,富達美元現金基金,0.3,0.92,1.82,2.64,3.72,8.28,14.13,19.89,35.79
(超)(真)(新)樂享人生變額年金保險<已停售/暫時停止銷售>,AMU054,委託摩根投資帳戶─全球前瞻組合（現金撥回）(全權委託帳戶之資產撥回機制來源可能為本金)(撥回率或撥回金額非固定),-0.08,1.48,11.49,8.11,10.94,19.91,42.46,21.46,66.58
(超)(真)(新)樂享人生變額年金保險<已停售/暫時停止銷售>,AMU060,委託摩根投資帳戶─全球前瞻組合（單位撥回）(全權委託帳戶之資產撥回機制來源可能為本金)(撥回率或撥回金額非固定),-0.08,1.48,11.49,8.11,10.94,19.91,42.46,21.46,49.67
(超)(真)(新)樂享人生變額年金保險<已停售/暫時停止銷售>,BRU027,貝萊德美元儲備基金,0.25,0.82,1.65,2.39,3.41,7.65,13.18,18.6,-
鑫超樂享人生變額年金保險,ABU060,委託聯博投資帳戶-全球成長收益型(新現金撥回)(全權委託帳戶之資產撥回機制來源可能為本金)(撥回率或撥回金額非固定),-0.83,1.06,9.11,6.59,8.8,16.94,36.35,-,31.72
鑫超樂享人生變額年金保險,ACT002,國泰台灣貨幣市場基金,0.14,0.42,0.8,1.14,1.53,3.03,4.37,5.77,32.77
鑫超樂享人生變額年金保險,ACT051,委託國泰投資帳戶-亞太三盈(現金撥回)(全權委託帳戶之資產撥回機制來源可能為本金)(撥回率或撥回金額非固定),3.28,-4.75,20.63,-,-,-,-,-,19.12
鑫超樂享人生變額年金保險,ACU021,委託國泰投資帳戶-ＶＩＰ多元收益組合(新現金撥回)(全權委託帳戶之資產撥回機制來源可能為本金)(撥回率或撥回金額非固定),-1.24,-1.92,10.66,10.51,12.12,23.3,43.98,-,37.92
鑫超樂享人生變額年金保險,AFU056,富達美元現金基金,0.3,0.92,1.82,2.64,3.72,8.28,14.13,19.89,35.79
鑫超樂享人生變額年金保險,AMU074,委託摩根投資帳戶-全球前瞻組合(新現金撥回)(全權委託帳戶之資產撥回機制來源可能為本金)(撥回率或撥回金額非固定),-0.08,1.38,11.33,7.87,10.54,19.12,40.59,-,34.82
鑫超樂享人生變額年金保險,BRU027,貝萊德美元儲備基金,0.25,0.82,1.65,2.39,3.41,7.65,13.18,18.6,-
(超)(新)月月享利外幣變額年金保險<已停售/暫時停止銷售>,ABU036,委託聯博投資帳戶－全球多元資產收益型（現金撥回）(全權委託帳戶之資產撥回機制來源可能為本金)(撥回率或撥回金額非固定),-0.9,0.97,8.49,6.26,8.61,17.93,38.18,18.87,64.0
(超)(新)月月享利外幣變額年金保險<已停售/暫時停止銷售>,ABU037,委託聯博投資帳戶－全球多元資產收益型（單位撥回）(全權委託帳戶之資產撥回機制來源可能為本金)(撥回率或撥回金額非固定),-0.9,0.97,8.49,6.26,8.61,17.93,38.18,18.87,63.3
(超)(新)月月享利外幣變額年金保險<已停售/暫時停止銷售>,ACU004,委託國泰投資帳戶─ＳＭＡＲＴ股債平衡型（現金撥回）(全權委託帳戶之資產撥回機制來源可能為本金)(撥回率或撥回金額非固定),-0.54,-0.61,11.03,10.26,12.85,22.78,43.2,21.88,53.11
(超)(新)月月享利外幣變額年金保險<已停售/暫時停止銷售>,ACU005,委託國泰投資帳戶─ＳＭＡＲＴ股債平衡型（單位撥回）(全權委託帳戶之資產撥回機制來源可能為本金)(撥回率或撥回金額非固定),-0.54,-0.61,11.03,10.26,12.85,22.78,43.2,21.88,52.93
(超)(新)月月享利外幣變額年金保險<已停售/暫時停止銷售>,AFU042,委託富達投資帳戶─全天候入息型（現金撥回）(全權委託帳戶之資產撥回機制來源可能為本金)(撥回率或撥回金額非固定),-0.36,2.8,12.66,11.29,14.88,20.17,40.09,18.21,38.02
(超)(新)月月享利外幣變額年金保險<已停售/暫時停止銷售>,AFU043,委託富達投資帳戶─全天候入息型（單位撥回）(全權委託帳戶之資產撥回機制來源可能為本金)(撥回率或撥回金額非固定),-0.36,2.8,12.66,11.29,14.88,20.17,40.09,18.21,41.73
(超)(新)月月享利外幣變額年金保險<已停售/暫時停止銷售>,AFU054,富達美元現金基金,0.3,0.92,1.82,2.64,3.72,8.28,14.13,19.89,35.79
(超)(新)月月享利外幣變額年金保險<已停售/暫時停止銷售>,AFU056,富達美元現金基金,0.3,0.92,1.82,2.64,3.72,8.28,14.13,19.89,35.79
(超)(新)月月享利外幣變額年金保險<已停售/暫時停止銷售>,AMU047,委託摩根投資帳戶─用心收益平衡型（現金撥回）(全權委託帳戶之資產撥回機制來源可能為本金)(撥回率或撥回金額非固定),-0.19,1.07,10.13,7.14,10.1,18.92,39.93,20.1,63.43
(超)(新)月月享利外幣變額年金保險<已停售/暫時停止銷售>,AMU048,委託摩根投資帳戶─用心收益平衡型（單位撥回）(全權委託帳戶之資產撥回機制來源可能為本金)(撥回率或撥回金額非固定),-0.19,1.07,10.13,7.14,10.1,18.92,39.93,20.1,63.38
(超)(新)月月享利外幣變額年金保險<已停售/暫時停止銷售>,BRU027,貝萊德美元儲備基金,0.25,0.82,1.65,2.39,3.41,7.65,13.18,18.6,-
(超)(新)月月享利外幣變額年金保險<已停售/暫時停止銷售>,BSU029,委託施羅德投資帳戶─股債收益平衡（現金撥回）(全權委託帳戶之資產撥回機制來源可能為本金)(撥回率或撥回金額非固定),0.22,1.71,12.57,10.36,13.35,25.32,45.14,24.64,62.51
(超)(新)月月享利外幣變額年金保險<已停售/暫時停止銷售>,BSU036,委託施羅德投資帳戶─股債收益平衡（單位撥回）(全權委託帳戶之資產撥回機制來源可能為本金)(撥回率或撥回金額非固定),0.22,1.71,12.57,10.36,13.35,25.32,45.14,24.64,55.6
(超)(真)(新)樂享人生外幣變額年金保險(美元)<已停售/暫時停止銷售>,ABU038,委託聯博投資帳戶－全球成長收益型(全權委託帳戶之資產撥回機制來源可能為本金)(撥回率或撥回金額非固定),-0.72,1.12,9.2,6.64,8.95,17.46,37.47,17.43,52.77
(超)(真)(新)樂享人生外幣變額年金保險(美元)<已停售/暫時停止銷售>,ABU041,委託聯博投資帳戶－全球成長收益型（單位撥回）(全權委託帳戶之資產撥回機制來源可能為本金)(撥回率或撥回金額非固定),-0.72,1.12,9.2,6.64,8.95,17.46,37.47,17.43,59.13
(超)(真)(新)樂享人生外幣變額年金保險(美元)<已停售/暫時停止銷售>,ACU007,委託國泰投資帳戶－ＶＩＰ多元收益組合（現金撥回）(全權委託帳戶之資產撥回機制來源可能為本金)(撥回率或撥回金額非固定),-0.2,-0.93,11.73,11.85,13.63,25.72,48.69,25.14,71.12
(超)(真)(新)樂享人生外幣變額年金保險(美元)<已停售/暫時停止銷售>,ACU009,委託國泰投資帳戶－ＶＩＰ多元收益組合（單位撥回）(全權委託帳戶之資產撥回機制來源可能為本金)(撥回率或撥回金額非固定),-0.2,-0.93,11.73,11.85,13.63,25.72,48.69,25.14,57.07
(超)(真)(新)樂享人生外幣變額年金保險(美元)<已停售/暫時停止銷售>,AFU054,富達美元現金基金,0.3,0.92,1.82,2.64,3.72,8.28,14.13,19.89,35.79
(超)(真)(新)樂享人生外幣變額年金保險(美元)<已停售/暫時停止銷售>,AFU056,富達美元現金基金,0.3,0.92,1.82,2.64,3.72,8.28,14.13,19.89,35.79
(超)(真)(新)樂享人生外幣變額年金保險(美元)<已停售/暫時停止銷售>,AMU054,委託摩根投資帳戶─全球前瞻組合（現金撥回）(全權委託帳戶之資產撥回機制來源可能為本金)(撥回率或撥回金額非固定),-0.08,1.48,11.49,8.11,10.94,19.91,42.46,21.46,66.58
(超)(真)(新)樂享人生外幣變額年金保險(美元)<已停售/暫時停止銷售>,AMU060,委託摩根投資帳戶─全球前瞻組合（單位撥回）(全權委託帳戶之資產撥回機制來源可能為本金)(撥回率或撥回金額非固定),-0.08,1.48,11.49,8.11,10.94,19.91,42.46,21.46,49.67
(超)(真)(新)樂享人生外幣變額年金保險(美元)<已停售/暫時停止銷售>,BRU027,貝萊德美元儲備基金,0.25,0.82,1.65,2.39,3.41,7.65,13.18,18.6,-
(超)(真)(新)樂享人生外幣變額年金保險(澳幣)<已停售/暫時停止銷售>,ABU038,委託聯博投資帳戶－全球成長收益型(全權委託帳戶之資產撥回機制來源可能為本金)(撥回率或撥回金額非固定),-0.72,1.12,9.2,6.64,8.95,17.46,37.47,17.43,52.77
(超)(真)(新)樂享人生外幣變額年金保險(澳幣)<已停售/暫時停止銷售>,ABU041,委託聯博投資帳戶－全球成長收益型（單位撥回）(全權委託帳戶之資產撥回機制來源可能為本金)(撥回率或撥回金額非固定),-0.72,1.12,9.2,6.64,8.95,17.46,37.47,17.43,59.13
(超)(真)(新)樂享人生外幣變額年金保險(澳幣)<已停售/暫時停止銷售>,ACU007,委託國泰投資帳戶－ＶＩＰ多元收益組合（現金撥回）(全權委託帳戶之資產撥回機制來源可能為本金)(撥回率或撥回金額非固定),-0.2,-0.93,11.73,11.85,13.63,25.72,48.69,25.14,71.12
(超)(真)(新)樂享人生外幣變額年金保險(澳幣)<已停售/暫時停止銷售>,ACU009,委託國泰投資帳戶－ＶＩＰ多元收益組合（單位撥回）(全權委託帳戶之資產撥回機制來源可能為本金)(撥回率或撥回金額非固定),-0.2,-0.93,11.73,11.85,13.63,25.72,48.69,25.14,57.07
(超)(真)(新)樂享人生外幣變額年金保險(澳幣)<已停售/暫時停止銷售>,AFU056,富達美元現金基金,0.3,0.92,1.82,2.64,3.72,8.28,14.13,19.89,35.79
(超)(真)(新)樂享人生外幣變額年金保險(澳幣)<已停售/暫時停止銷售>,AMU054,委託摩根投資帳戶─全球前瞻組合（現金撥回）(全權委託帳戶之資產撥回機制來源可能為本金)(撥回率或撥回金額非固定),-0.08,1.48,11.49,8.11,10.94,19.91,42.46,21.46,66.58
(超)(真)(新)樂享人生外幣變額年金保險(澳幣)<已停售/暫時停止銷售>,AMU060,委託摩根投資帳戶─全球前瞻組合（單位撥回）(全權委託帳戶之資產撥回機制來源可能為本金)(撥回率或撥回金額非固定),-0.08,1.48,11.49,8.11,10.94,19.91,42.46,21.46,49.67
(超)(真)(新)樂享人生外幣變額年金保險(澳幣)<已停售/暫時停止銷售>,BRU027,貝萊德美元儲備基金,0.25,0.82,1.65,2.39,3.41,7.65,13.18,18.6,-
(超)(真)(新)樂享人生外幣變額年金保險(澳幣)<已停售/暫時停止銷售>,BZA006,瑞銀(盧森堡)美元基金(澳幣避險累積),0.3,0.96,1.94,2.6,-,-,-,-,3.02
鑫超樂享人生外幣變額年金保險(美元),ABU060,委託聯博投資帳戶-全球成長收益型(新現金撥回)(全權委託帳戶之資產撥回機制來源可能為本金)(撥回率或撥回金額非固定),-0.83,1.06,9.11,6.59,8.8,16.94,36.35,-,31.72
鑫超樂享人生外幣變額年金保險(美元),ACU021,委託國泰投資帳戶-ＶＩＰ多元收益組合(新現金撥回)(全權委託帳戶之資產撥回機制來源可能為本金)(撥回率或撥回金額非固定),-1.24,-1.92,10.66,10.51,12.12,23.3,43.98,-,37.92
鑫超樂享人生外幣變額年金保險(美元),AFU054,富達美元現金基金,0.3,0.92,1.82,2.64,3.72,8.28,14.13,19.89,35.79
鑫超樂享人生外幣變額年金保險(美元),AFU056,富達美元現金基金,0.3,0.92,1.82,2.64,3.72,8.28,14.13,19.89,35.79
鑫超樂享人生外幣變額年金保險(美元),AMU074,委託摩根投資帳戶-全球前瞻組合(新現金撥回)(全權委託帳戶之資產撥回機制來源可能為本金)(撥回率或撥回金額非固定),-0.08,1.38,11.33,7.87,10.54,19.12,40.59,-,34.82
鑫超樂享人生外幣變額年金保險(美元),BRU027,貝萊德美元儲備基金,0.25,0.82,1.65,2.39,3.41,7.65,13.18,18.6,-
鑫超樂享人生外幣變額年金保險(澳幣),ABU060,委託聯博投資帳戶-全球成長收益型(新現金撥回)(全權委託帳戶之資產撥回機制來源可能為本金)(撥回率或撥回金額非固定),-0.83,1.06,9.11,6.59,8.8,16.94,36.35,-,31.72
鑫超樂享人生外幣變額年金保險(澳幣),ACU021,委託國泰投資帳戶-ＶＩＰ多元收益組合(新現金撥回)(全權委託帳戶之資產撥回機制來源可能為本金)(撥回率或撥回金額非固定),-1.24,-1.92,10.66,10.51,12.12,23.3,43.98,-,37.92
鑫超樂享人生外幣變額年金保險(澳幣),AFU056,富達美元現金基金,0.3,0.92,1.82,2.64,3.72,8.28,14.13,19.89,35.79
鑫超樂享人生外幣變額年金保險(澳幣),AMU074,委託摩根投資帳戶-全球前瞻組合(新現金撥回)(全權委託帳戶之資產撥回機制來源可能為本金)(撥回率或撥回金額非固定),-0.08,1.38,11.33,7.87,10.54,19.12,40.59,-,34.82
鑫超樂享人生外幣變額年金保險(澳幣),BRU027,貝萊德美元儲備基金,0.25,0.82,1.65,2.39,3.41,7.65,13.18,18.6,-
鑫超樂享人生外幣變額年金保險(澳幣),BZA006,瑞銀(盧森堡)美元基金(澳幣避險累積),0.3,0.96,1.94,2.6,-,-,-,-,3.02
(超)(真)(新)樂享人生變額壽險<已停售/暫時停止銷售>,ABU038,委託聯博投資帳戶－全球成長收益型(全權委託帳戶之資產撥回機制來源可能為本金)(撥回率或撥回金額非固定),-0.72,1.12,9.2,6.64,8.95,17.46,37.47,17.43,52.77
(超)(真)(新)樂享人生變額壽險<已停售/暫時停止銷售>,ABU041,委託聯博投資帳戶－全球成長收益型（單位撥回）(全權委託帳戶之資產撥回機制來源可能為本金)(撥回率或撥回金額非固定),-0.72,1.12,9.2,6.64,8.95,17.46,37.47,17.43,59.13
(超)(真)(新)樂享人生變額壽險<已停售/暫時停止銷售>,ACT002,國泰台灣貨幣市場基金,0.14,0.42,0.8,1.14,1.53,3.03,4.37,5.77,32.77
(超)(真)(新)樂享人生變額壽險<已停售/暫時停止銷售>,ACU007,委託國泰投資帳戶－ＶＩＰ多元收益組合（現金撥回）(全權委託帳戶之資產撥回機制來源可能為本金)(撥回率或撥回金額非固定),-0.2,-0.93,11.73,11.85,13.63,25.72,48.69,25.14,71.12
(超)(真)(新)樂享人生變額壽險<已停售/暫時停止銷售>,ACU009,委託國泰投資帳戶－ＶＩＰ多元收益組合（單位撥回）(全權委託帳戶之資產撥回機制來源可能為本金)(撥回率或撥回金額非固定),-0.2,-0.93,11.73,11.85,13.63,25.72,48.69,25.14,57.07
(超)(真)(新)樂享人生變額壽險<已停售/暫時停止銷售>,AFU056,富達美元現金基金,0.3,0.92,1.82,2.64,3.72,8.28,14.13,19.89,35.79
(超)(真)(新)樂享人生變額壽險<已停售/暫時停止銷售>,AMU054,委託摩根投資帳戶─全球前瞻組合（現金撥回）(全權委託帳戶之資產撥回機制來源可能為本金)(撥回率或撥回金額非固定),-0.08,1.48,11.49,8.11,10.94,19.91,42.46,21.46,66.58
(超)(真)(新)樂享人生變額壽險<已停售/暫時停止銷售>,AMU060,委託摩根投資帳戶─全球前瞻組合（單位撥回）(全權委託帳戶之資產撥回機制來源可能為本金)(撥回率或撥回金額非固定),-0.08,1.48,11.49,8.11,10.94,19.91,42.46,21.46,49.67
(超)(真)(新)樂享人生變額壽險<已停售/暫時停止銷售>,BRU027,貝萊德美元儲備基金,0.25,0.82,1.65,2.39,3.41,7.65,13.18,18.6,-
鑫超樂享人生變額壽險,ABU060,委託聯博投資帳戶-全球成長收益型(新現金撥回)(全權委託帳戶之資產撥回機制來源可能為本金)(撥回率或撥回金額非固定),-0.83,1.06,9.11,6.59,8.8,16.94,36.35,-,31.72
鑫超樂享人生變額壽險,ACT002,國泰台灣貨幣市場基金,0.14,0.42,0.8,1.14,1.53,3.03,4.37,5.77,32.77
鑫超樂享人生變額壽險,ACT051,委託國泰投資帳戶-亞太三盈(現金撥回)(全權委託帳戶之資產撥回機制來源可能為本金)(撥回率或撥回金額非固定),3.28,-4.75,20.63,-,-,-,-,-,19.12
鑫超樂享人生變額壽險,ACU021,委託國泰投資帳戶-ＶＩＰ多元收益組合(新現金撥回)(全權委託帳戶之資產撥回機制來源可能為本金)(撥回率或撥回金額非固定),-1.24,-1.92,10.66,10.51,12.12,23.3,43.98,-,37.92
鑫超樂享人生變額壽險,AFU056,富達美元現金基金,0.3,0.92,1.82,2.64,3.72,8.28,14.13,19.89,35.79
鑫超樂享人生變額壽險,AMU074,委託摩根投資帳戶-全球前瞻組合(新現金撥回)(全權委託帳戶之資產撥回機制來源可能為本金)(撥回率或撥回金額非固定),-0.08,1.38,11.33,7.87,10.54,19.12,40.59,-,34.82
鑫超樂享人生變額壽險,BRU027,貝萊德美元儲備基金,0.25,0.82,1.65,2.39,3.41,7.65,13.18,18.6,-
月月康利變額年金保險(無貨幣批註)<已停售/暫時停止銷售>,ACT002,國泰台灣貨幣市場基金,0.14,0.42,0.8,1.14,1.53,3.03,4.37,5.77,32.77
月月康利變額年金保險(無貨幣批註)<已停售/暫時停止銷售>,ACU006,委託國泰投資帳戶－ＭＩＴ多元收益組合（現金撥回）(全權委託帳戶之資產撥回機制來源可能為本金)(撥回率或撥回金額非固定),-0.31,-0.27,8.67,9.61,10.67,20.98,39.95,15.58,50.92
月月康利變額年金保險(無貨幣批註)<已停售/暫時停止銷售>,ACU012,委託國泰投資帳戶－ＭＩＴ多元收益組合（單位撥回）(全權委託帳戶之資產撥回機制來源可能為本金)(撥回率或撥回金額非固定),-0.31,-0.27,8.67,9.61,10.67,20.98,39.95,15.58,41.85
月月康利變額年金保險(無貨幣批註)<已停售/暫時停止銷售>,AIU001,委託國泰投顧投資帳戶－泰優利組合（現金撥回）(全權委託帳戶之資產撥回機制來源可能為本金)(撥回率或撥回金額非固定),0.06,0.86,11.26,9.03,11.11,15.25,36.26,2.68,14.95
月月康利變額年金保險(無貨幣批註)<已停售/暫時停止銷售>,AIU002,委託國泰投顧投資帳戶－泰優利組合（單位撥回）(全權委託帳戶之資產撥回機制來源可能為本金)(撥回率或撥回金額非固定),0.06,0.86,11.26,9.03,11.11,15.25,36.26,2.68,14.95
(超)(真)月月康利變額年金保險<已停售/暫時停止銷售>,ACT002,國泰台灣貨幣市場基金,0.14,0.42,0.8,1.14,1.53,3.03,4.37,5.77,32.77
(超)(真)月月康利變額年金保險<已停售/暫時停止銷售>,AFU056,富達美元現金基金,0.3,0.92,1.82,2.64,3.72,8.28,14.13,19.89,35.79
(超)(真)月月康利變額年金保險<已停售/暫時停止銷售>,BRU027,貝萊德美元儲備基金,0.25,0.82,1.65,2.39,3.41,7.65,13.18,18.6,-
月月康利外幣變額年金保險(無貨幣批註)<已停售/暫時停止銷售>,ACU006,委託國泰投資帳戶－ＭＩＴ多元收益組合（現金撥回）(全權委託帳戶之資產撥回機制來源可能為本金)(撥回率或撥回金額非固定),-0.31,-0.27,8.67,9.61,10.67,20.98,39.95,15.58,50.92
月月康利外幣變額年金保險(無貨幣批註)<已停售/暫時停止銷售>,ACU012,委託國泰投資帳戶－ＭＩＴ多元收益組合（單位撥回）(全權委託帳戶之資產撥回機制來源可能為本金)(撥回率或撥回金額非固定),-0.31,-0.27,8.67,9.61,10.67,20.98,39.95,15.58,41.85
月月康利外幣變額年金保險(無貨幣批註)<已停售/暫時停止銷售>,AFU054,富達美元現金基金,0.3,0.92,1.82,2.64,3.72,8.28,14.13,19.89,35.79
月月康利外幣變額年金保險(無貨幣批註)<已停售/暫時停止銷售>,AIU001,委託國泰投顧投資帳戶－泰優利組合（現金撥回）(全權委託帳戶之資產撥回機制來源可能為本金)(撥回率或撥回金額非固定),0.06,0.86,11.26,9.03,11.11,15.25,36.26,2.68,14.95
月月康利外幣變額年金保險(無貨幣批註)<已停售/暫時停止銷售>,AIU002,委託國泰投顧投資帳戶－泰優利組合（單位撥回）(全權委託帳戶之資產撥回機制來源可能為本金)(撥回率或撥回金額非固定),0.06,0.86,11.26,9.03,11.11,15.25,36.26,2.68,14.95
(超)(真)月月康利外幣變額年金保險<已停售/暫時停止銷售>,ACU006,委託國泰投資帳戶－ＭＩＴ多元收益組合（現金撥回）(全權委託帳戶之資產撥回機制來源可能為本金)(撥回率或撥回金額非固定),-0.31,-0.27,8.67,9.61,10.67,20.98,39.95,15.58,50.92
(超)(真)月月康利外幣變額年金保險<已停售/暫時停止銷售>,ACU012,委託國泰投資帳戶－ＭＩＴ多元收益組合（單位撥回）(全權委託帳戶之資產撥回機制來源可能為本金)(撥回率或撥回金額非固定),-0.31,-0.27,8.67,9.61,10.67,20.98,39.95,15.58,41.85
(超)(真)月月康利外幣變額年金保險<已停售/暫時停止銷售>,AFU054,富達美元現金基金,0.3,0.92,1.82,2.64,3.72,8.28,14.13,19.89,35.79
(超)(真)月月康利外幣變額年金保險<已停售/暫時停止銷售>,AFU056,富達美元現金基金,0.3,0.92,1.82,2.64,3.72,8.28,14.13,19.89,35.79
(超)(真)月月康利外幣變額年金保險<已停售/暫時停止銷售>,AIU001,委託國泰投顧投資帳戶－泰優利組合（現金撥回）(全權委託帳戶之資產撥回機制來源可能為本金)(撥回率或撥回金額非固定),0.06,0.86,11.26,9.03,11.11,15.25,36.26,2.68,14.95
(超)(真)月月康利外幣變額年金保險<已停售/暫時停止銷售>,AIU002,委託國泰投顧投資帳戶－泰優利組合（單位撥回）(全權委託帳戶之資產撥回機制來源可能為本金)(撥回率或撥回金額非固定),0.06,0.86,11.26,9.03,11.11,15.25,36.26,2.68,14.95
(超)(真)月月康利外幣變額年金保險<已停售/暫時停止銷售>,BRU027,貝萊德美元儲備基金,0.25,0.82,1.65,2.39,3.41,7.65,13.18,18.6,-
(超)(真)月月康利變額壽險<已停售/暫時停止銷售>,ACT002,國泰台灣貨幣市場基金,0.14,0.42,0.8,1.14,1.53,3.03,4.37,5.77,32.77
(超)(真)月月康利變額壽險<已停售/暫時停止銷售>,ACU006,委託國泰投資帳戶－ＭＩＴ多元收益組合（現金撥回）(全權委託帳戶之資產撥回機制來源可能為本金)(撥回率或撥回金額非固定),-0.31,-0.27,8.67,9.61,10.67,20.98,39.95,15.58,50.92
(超)(真)月月康利變額壽險<已停售/暫時停止銷售>,ACU012,委託國泰投資帳戶－ＭＩＴ多元收益組合（單位撥回）(全權委託帳戶之資產撥回機制來源可能為本金)(撥回率或撥回金額非固定),-0.31,-0.27,8.67,9.61,10.67,20.98,39.95,15.58,41.85
(超)(真)月月康利變額壽險<已停售/暫時停止銷售>,AFU056,富達美元現金基金,0.3,0.92,1.82,2.64,3.72,8.28,14.13,19.89,35.79
(超)(真)月月康利變額壽險<已停售/暫時停止銷售>,AIU001,委託國泰投顧投資帳戶－泰優利組合（現金撥回）(全權委託帳戶之資產撥回機制來源可能為本金)(撥回率或撥回金額非固定),0.06,0.86,11.26,9.03,11.11,15.25,36.26,2.68,14.95
(超)(真)月月康利變額壽險<已停售/暫時停止銷售>,AIU002,委託國泰投顧投資帳戶－泰優利組合（單位撥回）(全權委託帳戶之資產撥回機制來源可能為本金)(撥回率或撥回金額非固定),0.06,0.86,11.26,9.03,11.11,15.25,36.26,2.68,14.95
(超)(真)月月康利變額壽險<已停售/暫時停止銷售>,BRU027,貝萊德美元儲備基金,0.25,0.82,1.65,2.39,3.41,7.65,13.18,18.6,-
(新)富利多變額壽險<已停售/暫時停止銷售>,查無資料,查無資料,查無資料,查無資料,查無資料,查無資料,查無資料,查無資料,查無資料,查無資料,查無資料
(真)富利多鑫變額壽險<已停售/暫時停止銷售>,ABA011,委託聯博投資帳戶－澳幣環球穩健型（現金撥回）(全權委託帳戶之資產撥回機制來源可能為本金)(撥回率或撥回金額非固定),-0.39,0.36,8.45,4.92,6.76,16.45,33.33,15.84,52.74
(真)富利多鑫變額壽險<已停售/暫時停止銷售>,ABA015,委託聯博投資帳戶－澳幣環球穩健型（單位撥回）(全權委託帳戶之資產撥回機制來源可能為本金)(撥回率或撥回金額非固定),-0.39,0.36,8.45,4.92,6.76,16.45,33.33,15.84,43.02
(真)富利多鑫變額壽險<已停售/暫時停止銷售>,ABT002,聯博全球非投資等級債券基金ＴＡ（新臺幣計價）,-1.46,-0.56,1.26,0.69,2.61,5.07,16.5,12.24,21.13
(真)富利多鑫變額壽險<已停售/暫時停止銷售>,ABT004,聯博多元資產收益組合基金ＡＤ（新臺幣計價）,-1.01,-0.01,8.2,6.87,10.32,15.87,34.65,26.4,88.89
(真)富利多鑫變額壽險<已停售/暫時停止銷售>,ABT008,聯博歐洲多重資產基金AD(新臺幣計價),-2.89,2.07,7.28,4.65,11.42,22.21,37.86,22.81,60.55
(真)富利多鑫變額壽險<已停售/暫時停止銷售>,ABU010,聯博短期債券基金AT,-0.98,-0.71,0.53,0.25,1.21,4.75,10.98,8.62,-
(真)富利多鑫變額壽險<已停售/暫時停止銷售>,ABU011,聯博美國收益基金ＡＴ,-3.5,-3.87,-2.35,-3.33,-2.41,1.43,14.61,-0.09,182.85
(真)富利多鑫變額壽險<已停售/暫時停止銷售>,ABU012,聯博歐洲收益基金ＡＴ,-5.12,-3.64,-2.87,-5.71,-4.4,2.87,20.05,-4.23,38.34
(真)富利多鑫變額壽險<已停售/暫時停止銷售>,ABU013,聯博新興市場債券基金ＡＴ,-2.99,-3.35,1.21,0.79,3.58,12.62,34.16,8.13,156.79
(真)富利多鑫變額壽險<已停售/暫時停止銷售>,ABU014,聯博全球非投資等級債券基金ＡＴ,-2.0,-1.43,1.39,0.33,1.47,8.04,23.59,13.92,-
(真)富利多鑫變額壽險<已停售/暫時停止銷售>,ABU029,聯博短期債券基金AA,-0.88,-0.7,0.43,0.32,1.25,4.79,10.95,8.59,12.6
(真)富利多鑫變額壽險<已停售/暫時停止銷售>,ABU030,聯博美國收益基金ＡＡ,-3.39,-3.8,-2.17,-3.24,-2.29,1.64,14.73,-0.03,35.34
(真)富利多鑫變額壽險<已停售/暫時停止銷售>,ABU031,聯博歐洲收益基金ＡＡ,-2.69,-3.51,-0.75,-1.49,-0.33,4.32,17.91,8.78,53.11
(真)富利多鑫變額壽險<已停售/暫時停止銷售>,ABU032,聯博新興市場債券基金ＡＡ,-3.1,-3.36,1.16,0.73,3.46,12.5,34.16,8.01,48.01
(真)富利多鑫變額壽險<已停售/暫時停止銷售>,ABU033,聯博全球非投資等級債券基金ＡＡ,-1.88,-1.41,1.34,0.35,1.44,7.99,23.66,13.94,50.43
(真)富利多鑫變額壽險<已停售/暫時停止銷售>,ABU036,委託聯博投資帳戶－全球多元資產收益型（現金撥回）(全權委託帳戶之資產撥回機制來源可能為本金)(撥回率或撥回金額非固定),-0.9,0.97,8.49,6.26,8.61,17.93,38.18,18.87,64.0
(真)富利多鑫變額壽險<已停售/暫時停止銷售>,ABU037,委託聯博投資帳戶－全球多元資產收益型（單位撥回）(全權委託帳戶之資產撥回機制來源可能為本金)(撥回率或撥回金額非固定),-0.9,0.97,8.49,6.26,8.61,17.93,38.18,18.87,63.3
(真)富利多鑫變額壽險<已停售/暫時停止銷售>,ABU050,聯博房貸收益基金AA,-0.08,0.4,1.76,2.22,3.68,9.53,21.44,29.01,57.86
(真)富利多鑫變額壽險<已停售/暫時停止銷售>,ABU054,聯博全球靈活收益基金（每月配息）,-2.38,-2.96,-1.39,-1.85,-1.34,0.46,9.97,-4.56,23.78
(真)富利多鑫變額壽險<已停售/暫時停止銷售>,ACA001,委託國泰投資帳戶─澳幣全球收益（現金撥回）(全權委託帳戶之資產撥回機制來源可能為本金)(撥回率或撥回金額非固定),0.02,-3.12,7.75,4.24,6.84,15.56,32.22,9.52,46.44
(真)富利多鑫變額壽險<已停售/暫時停止銷售>,ACA002,委託國泰投資帳戶─澳幣全球收益（單位撥回）(全權委託帳戶之資產撥回機制來源可能為本金)(撥回率或撥回金額非固定),0.02,-3.12,7.75,4.24,6.84,15.56,32.22,9.52,40.51
(真)富利多鑫變額壽險<已停售/暫時停止銷售>,ACT002,國泰台灣貨幣市場基金,0.14,0.42,0.8,1.14,1.53,3.03,4.37,5.77,32.77
(真)富利多鑫變額壽險<已停售/暫時停止銷售>,ACT022,國泰新興非投資等級債券基金（每月配息）,-1.02,-0.04,2.86,4.76,6.99,11.97,27.89,11.1,18.32
(真)富利多鑫變額壽險<已停售/暫時停止銷售>,ACT033,國泰全球多重收益平衡基金（每月配息）,-1.19,0.52,10.52,9.7,14.93,21.4,41.42,32.99,67.53
(真)富利多鑫變額壽險<已停售/暫時停止銷售>,ACT039,國泰主順位資產抵押非投資等級債券基金(每月配息),-1.36,-0.13,0.6,1.02,4.44,6.74,17.5,20.34,26.22
(真)富利多鑫變額壽險<已停售/暫時停止銷售>,ACT044,國泰美國多重收益平衡基金(每月配息),-0.35,-0.08,5.7,3.51,7.08,11.04,31.06,25.91,38.67
(真)富利多鑫變額壽險<已停售/暫時停止銷售>,ACU004,委託國泰投資帳戶─ＳＭＡＲＴ股債平衡型（現金撥回）(全權委託帳戶之資產撥回機制來源可能為本金)(撥回率或撥回金額非固定),-0.54,-0.61,11.03,10.26,12.85,22.78,43.2,21.88,53.11
(真)富利多鑫變額壽險<已停售/暫時停止銷售>,ACU005,委託國泰投資帳戶─ＳＭＡＲＴ股債平衡型（單位撥回）(全權委託帳戶之資產撥回機制來源可能為本金)(撥回率或撥回金額非固定),-0.54,-0.61,11.03,10.26,12.85,22.78,43.2,21.88,52.93
(真)富利多鑫變額壽險<已停售/暫時停止銷售>,AEU010,首源亞洲優質債券基金(每月配息),-0.98,-1.59,-0.98,-2.24,-1.78,1.31,14.62,-1.42,37.2
(真)富利多鑫變額壽險<已停售/暫時停止銷售>,AFT002,富達智慧醫療多重資產收益基金(新臺幣計價)(每月配息),-3.28,4.58,6.0,-0.47,8.43,-7.63,7.9,-7.69,-8.03
(真)富利多鑫變額壽險<已停售/暫時停止銷售>,AFT004,富達未來通訊多重資產收益基金(新臺幣計價)(每月配息),1.55,-0.1,14.17,16.14,20.16,30.23,52.93,23.75,21.26
(真)富利多鑫變額壽險<已停售/暫時停止銷售>,AFU009,富達美元債券基金（Ａ股月配息）,-2.63,-3.78,-3.12,-3.58,-2.53,-1.29,9.43,-6.86,89.44
(真)富利多鑫變額壽險<已停售/暫時停止銷售>,AFU010,富達新興市場債券基金（Ａ股月配息）,-2.68,-3.78,-0.15,-0.06,3.18,11.29,29.46,-8.42,120.74
(真)富利多鑫變額壽險<已停售/暫時停止銷售>,AFU011,富達亞洲非投資等級債券基金（Ａ股月配息）,-1.51,0.48,4.32,4.08,4.84,16.6,34.98,-13.67,65.98
(真)富利多鑫變額壽險<已停售/暫時停止銷售>,AFU012,富達美元非投資等級債券基金（Ａ股月配息）,-1.83,-0.83,1.44,1.19,2.74,8.95,22.7,15.5,270.25
(真)富利多鑫變額壽險<已停售/暫時停止銷售>,AFU042,委託富達投資帳戶─全天候入息型（現金撥回）(全權委託帳戶之資產撥回機制來源可能為本金)(撥回率或撥回金額非固定),-0.36,2.8,12.66,11.29,14.88,20.17,40.09,18.21,38.02
(真)富利多鑫變額壽險<已停售/暫時停止銷售>,AFU043,委託富達投資帳戶─全天候入息型（單位撥回）(全權委託帳戶之資產撥回機制來源可能為本金)(撥回率或撥回金額非固定),-0.36,2.8,12.66,11.29,14.88,20.17,40.09,18.21,41.73
(真)富利多鑫變額壽險<已停售/暫時停止銷售>,AFU056,富達美元現金基金,0.3,0.92,1.82,2.64,3.72,8.28,14.13,19.89,35.79
(真)富利多鑫變額壽險<已停售/暫時停止銷售>,AGU007,高盛投資級公司債基金(每月配息),-1.65,-2.93,-1.85,-3.03,-2.42,0.56,13.11,-6.79,60.04
(真)富利多鑫變額壽險<已停售/暫時停止銷售>,AGU010,高盛新興市場債券基金(每月配息),-1.2,-1.85,1.91,1.11,4.31,13.36,31.11,5.86,70.26
(真)富利多鑫變額壽險<已停售/暫時停止銷售>,AGU021,高盛旗艦多元資產基金(每月配息),-1.11,-0.87,3.39,0.78,2.54,2.54,18.31,2.62,17.88
(真)富利多鑫變額壽險<已停售/暫時停止銷售>,AHU014,瀚亞投資亞洲債券基金Adm,-1.74,-1.77,0.05,-0.73,0.92,5.03,19.79,-6.73,66.42
(真)富利多鑫變額壽險<已停售/暫時停止銷售>,AHU015,瀚亞投資美國非投資等級債券基金Adm,-1.44,-0.79,1.41,1.0,1.92,9.1,23.41,14.01,141.52
(真)富利多鑫變額壽險<已停售/暫時停止銷售>,AMA006,委託摩根投資帳戶─澳幣多重收益組合（現金撥回）(全權委託帳戶之資產撥回機制來源可能為本金)(撥回率或撥回金額非固定),0.41,0.83,9.29,5.74,8.17,17.73,35.62,16.12,47.82
(真)富利多鑫變額壽險<已停售/暫時停止銷售>,AMA007,委託摩根投資帳戶─澳幣多重收益組合（單位撥回）(全權委託帳戶之資產撥回機制來源可能為本金)(撥回率或撥回金額非固定),0.41,0.83,9.29,5.74,8.17,17.73,35.62,16.12,47.82
(真)富利多鑫變額壽險<已停售/暫時停止銷售>,AMU017,摩根環球企業債券基金（每月派息）,-2.34,-3.53,-1.76,-2.54,-1.29,2.21,15.45,-1.27,59.57
(真)富利多鑫變額壽險<已停售/暫時停止銷售>,AMU018,摩根美國複合收益基金（每月派息）,-2.61,-3.82,-2.85,-3.27,-2.09,-0.21,10.54,-5.53,37.7
(真)富利多鑫變額壽險<已停售/暫時停止銷售>,AMU019,摩根新興市場本地貨幣債券基金（每月派息）,-2.86,-0.26,2.05,0.74,3.96,11.15,24.38,15.36,27.69
(真)富利多鑫變額壽險<已停售/暫時停止銷售>,AMU020,摩根新興市場債券基金（每月派息）,-2.58,-2.84,1.15,0.52,3.95,12.77,33.49,5.15,93.68
(真)富利多鑫變額壽險<已停售/暫時停止銷售>,AMU021,摩根環球非投資等級債券基金（每月派息）,-1.51,-1.08,0.91,0.63,2.09,9.67,25.83,17.99,150.7
(真)富利多鑫變額壽險<已停售/暫時停止銷售>,AMU022,摩根多重收益基金（每月派息）,-1.43,-0.3,5.69,6.28,9.38,16.63,35.91,24.34,108.46
(真)富利多鑫變額壽險<已停售/暫時停止銷售>,AMU023,摩根亞太入息基金（每月派息）,-0.47,0.66,6.8,8.68,12.27,25.78,46.22,29.74,134.37
(真)富利多鑫變額壽險<已停售/暫時停止銷售>,AMU047,委託摩根投資帳戶─用心收益平衡型（現金撥回）(全權委託帳戶之資產撥回機制來源可能為本金)(撥回率或撥回金額非固定),-0.19,1.07,10.13,7.14,10.1,18.92,39.93,20.1,63.43
(真)富利多鑫變額壽險<已停售/暫時停止銷售>,AMU048,委託摩根投資帳戶─用心收益平衡型（單位撥回）(全權委託帳戶之資產撥回機制來源可能為本金)(撥回率或撥回金額非固定),-0.19,1.07,10.13,7.14,10.1,18.92,39.93,20.1,63.38
(真)富利多鑫變額壽險<已停售/暫時停止銷售>,AMU063,摩根多重收益基金(每月派息)(利率入息),-1.37,-0.29,5.77,6.38,9.4,16.64,35.83,24.31,53.15
(真)富利多鑫變額壽險<已停售/暫時停止銷售>,AMU065,摩根環球債券收益基金（每月配息）,-1.76,-1.32,0.07,-0.19,1.1,6.3,17.44,7.96,44.92
(真)富利多鑫變額壽險<已停售/暫時停止銷售>,ANU018,晉達新興市場公司債券基金(每月配息),-1.22,-1.3,1.74,-0.2,-0.6,5.16,19.54,-2.76,42.52
(真)富利多鑫變額壽險<已停售/暫時停止銷售>,ARU007,霸菱成熟及新興市場非投資等級債券基金（每月配息）,-1.49,-0.95,1.2,1.32,1.6,8.29,24.31,8.49,-
(真)富利多鑫變額壽險<已停售/暫時停止銷售>,ASU011,摩根士丹利新興市場債券基金ＡＲＭ(美元月配),-2.19,-2.48,1.42,2.14,6.31,16.86,40.03,14.86,52.74
(真)富利多鑫變額壽險<已停售/暫時停止銷售>,ASU021,摩根士丹利環球平衡收益基金(美元避險月配),0.64,0.75,9.25,8.28,12.55,15.72,33.39,30.11,46.72
(真)富利多鑫變額壽險<已停售/暫時停止銷售>,AWU015,安聯亞洲靈活債券基金(每月配息),-1.38,-1.56,-0.08,-1.02,-0.16,4.06,15.34,-16.06,-0.44
(真)富利多鑫變額壽險<已停售/暫時停止銷售>,AWU020,安聯多元信用債券基金(每月配息),-0.98,-0.79,0.87,0.16,1.33,7.19,17.58,15.37,22.65
(真)富利多鑫變額壽險<已停售/暫時停止銷售>,AWU024,安聯綠色債券基金(每月配息),-1.83,-3.17,-1.24,-1.79,-1.1,1.29,11.91,-10.07,-10.37
(真)富利多鑫變額壽險<已停售/暫時停止銷售>,AWU029,安聯收益成長基金(美元AM5月配),-0.7,-1.39,6.3,5.51,8.24,18.68,-,-,26.35
(真)富利多鑫變額壽險<已停售/暫時停止銷售>,BBU002,安本新興市場公司債券基金(每月配息),-1.8,-1.53,1.18,0.43,1.49,8.79,24.44,7.17,47.68
(真)富利多鑫變額壽險<已停售/暫時停止銷售>,BBU005,安本前緣市場債券基金(每月配息),-1.4,0.58,6.47,8.14,14.82,32.61,62.31,42.76,63.67
(真)富利多鑫變額壽險<已停售/暫時停止銷售>,BNU004,駿利亨德森平衡基金(美元穩定月配),-1.67,1.02,7.58,2.8,4.22,16.66,43.52,-,43.71
(真)富利多鑫變額壽險<已停售/暫時停止銷售>,BRU027,貝萊德美元儲備基金,0.25,0.82,1.65,2.39,3.41,7.65,13.18,18.6,-
(真)富利多鑫變額壽險<已停售/暫時停止銷售>,BRU028,貝萊德美元優質債券基金Ａ３,-2.73,-3.73,-2.41,-3.03,-1.7,0.37,11.2,-6.66,73.27
(真)富利多鑫變額壽險<已停售/暫時停止銷售>,BRU029,貝萊德歐元優質債券基金Ａ３,-4.88,-4.01,-4.14,-5.98,-4.97,0.01,14.51,-14.47,81.29
(真)富利多鑫變額壽險<已停售/暫時停止銷售>,BRU030,貝萊德亞洲老虎債券基金Ａ３,-1.68,-1.4,0.05,-0.26,0.88,7.63,23.01,-1.68,127.35
(真)富利多鑫變額壽險<已停售/暫時停止銷售>,BRU031,貝萊德新興市場債券基金Ａ３,-2.31,-2.95,1.61,1.56,5.31,14.6,39.16,16.88,154.8
(真)富利多鑫變額壽險<已停售/暫時停止銷售>,BRU032,貝萊德美元非投資等級債券基金Ａ６,-1.5,-0.99,1.05,0.16,1.86,8.55,24.12,15.51,95.36
(真)富利多鑫變額壽險<已停售/暫時停止銷售>,BRU033,貝萊德環球非投資等級債券基金Ａ３,-1.63,-0.98,1.57,0.7,2.04,9.42,24.64,13.61,141.82
(真)富利多鑫變額壽險<已停售/暫時停止銷售>,BRU072,貝萊德ESG社會責任多元資產基金(每月配息),-0.52,1.5,9.49,9.34,14.73,23.67,40.24,29.59,60.19
(真)富利多鑫變額壽險<已停售/暫時停止銷售>,BSA007,委託施羅德投資帳戶－澳幣雙平衡（現金撥回）(全權委託帳戶之資產撥回機制來源可能為本金)(撥回率或撥回金額非固定),0.91,1.92,15.04,11.37,14.48,29.29,46.8,31.33,58.42
(真)富利多鑫變額壽險<已停售/暫時停止銷售>,BSA008,委託施羅德投資帳戶－澳幣雙平衡（單位撥回）(全權委託帳戶之資產撥回機制來源可能為本金)(撥回率或撥回金額非固定),0.91,1.92,15.04,11.37,14.48,29.29,46.8,31.33,58.42
(真)富利多鑫變額壽險<已停售/暫時停止銷售>,BSU029,委託施羅德投資帳戶─股債收益平衡（現金撥回）(全權委託帳戶之資產撥回機制來源可能為本金)(撥回率或撥回金額非固定),0.22,1.71,12.57,10.36,13.35,25.32,45.14,24.64,62.51
(真)富利多鑫變額壽險<已停售/暫時停止銷售>,BSU036,委託施羅德投資帳戶─股債收益平衡（單位撥回）(全權委託帳戶之資產撥回機制來源可能為本金)(撥回率或撥回金額非固定),0.22,1.71,12.57,10.36,13.35,25.32,45.14,24.64,55.6
(真)富利多鑫變額壽險<已停售/暫時停止銷售>,BSU050,施羅德環球收息債券基金(每月配息),-2.1,-2.52,-0.25,-1.43,-0.43,6.16,20.3,7.76,39.08
(真)富利多鑫變額壽險<已停售/暫時停止銷售>,BSU052,施羅德環球多元收益基金（每月配息）,-1.61,0.86,4.43,4.78,8.29,21.06,39.75,31.03,59.98
(真)富利多鑫變額壽險<已停售/暫時停止銷售>,BXU004,安盛美國非投資等級債券基金(每月配息),-1.33,-0.44,1.57,0.49,1.44,7.77,22.27,15.88,70.23
(真)富利多鑫變額壽險<已停售/暫時停止銷售>,PIU001,PIMCO新興市場債券基金(每月配息),-3.34,-3.79,0.88,-0.69,2.44,12.44,35.2,10.41,50.92
(真)富利多鑫變額壽險<已停售/暫時停止銷售>,PIU002,PIMCO多元收益債券基金(每月配息),-2.8,-3.41,0.42,-1.44,0.6,6.62,22.25,1.89,45.38
(新)富利多外幣變額年金保險<已停售/暫時停止銷售>,查無資料,查無資料,查無資料,查無資料,查無資料,查無資料,查無資料,查無資料,查無資料,查無資料,查無資料
(超)(真)月月澳利外幣變額壽險<已停售/暫時停止銷售>,ABA011,委託聯博投資帳戶－澳幣環球穩健型（現金撥回）(全權委託帳戶之資產撥回機制來源可能為本金)(撥回率或撥回金額非固定),-0.39,0.36,8.45,4.92,6.76,16.45,33.33,15.84,52.74
(超)(真)月月澳利外幣變額壽險<已停售/暫時停止銷售>,ABA015,委託聯博投資帳戶－澳幣環球穩健型（單位撥回）(全權委託帳戶之資產撥回機制來源可能為本金)(撥回率或撥回金額非固定),-0.39,0.36,8.45,4.92,6.76,16.45,33.33,15.84,43.02
(超)(真)月月澳利外幣變額壽險<已停售/暫時停止銷售>,ACA001,委託國泰投資帳戶─澳幣全球收益（現金撥回）(全權委託帳戶之資產撥回機制來源可能為本金)(撥回率或撥回金額非固定),0.02,-3.12,7.75,4.24,6.84,15.56,32.22,9.52,46.44
(超)(真)月月澳利外幣變額壽險<已停售/暫時停止銷售>,ACA002,委託國泰投資帳戶─澳幣全球收益（單位撥回）(全權委託帳戶之資產撥回機制來源可能為本金)(撥回率或撥回金額非固定),0.02,-3.12,7.75,4.24,6.84,15.56,32.22,9.52,40.51
(超)(真)月月澳利外幣變額壽險<已停售/暫時停止銷售>,AMA006,委託摩根投資帳戶─澳幣多重收益組合（現金撥回）(全權委託帳戶之資產撥回機制來源可能為本金)(撥回率或撥回金額非固定),0.41,0.83,9.29,5.74,8.17,17.73,35.62,16.12,47.82
(超)(真)月月澳利外幣變額壽險<已停售/暫時停止銷售>,AMA007,委託摩根投資帳戶─澳幣多重收益組合（單位撥回）(全權委託帳戶之資產撥回機制來源可能為本金)(撥回率或撥回金額非固定),0.41,0.83,9.29,5.74,8.17,17.73,35.62,16.12,47.82
(超)(真)月月澳利外幣變額壽險<已停售/暫時停止銷售>,BSA007,委託施羅德投資帳戶－澳幣雙平衡（現金撥回）(全權委託帳戶之資產撥回機制來源可能為本金)(撥回率或撥回金額非固定),0.91,1.92,15.04,11.37,14.48,29.29,46.8,31.33,58.42
(超)(真)月月澳利外幣變額壽險<已停售/暫時停止銷售>,BSA008,委託施羅德投資帳戶－澳幣雙平衡（單位撥回）(全權委託帳戶之資產撥回機制來源可能為本金)(撥回率或撥回金額非固定),0.91,1.92,15.04,11.37,14.48,29.29,46.8,31.33,58.42
(超)(真)月月澳利外幣變額壽險<已停售/暫時停止銷售>,BZA005,瑞銀(盧森堡)美元基金(澳幣避險累積),0.3,0.96,1.94,2.6,-,-,-,-,3.02
(超)(真)月月澳利外幣變額壽險<已停售/暫時停止銷售>,BZA006,瑞銀(盧森堡)美元基金(澳幣避險累積),0.3,0.96,1.94,2.6,-,-,-,-,3.02
闔家愛變額萬能壽險(無貨幣批註)<已停售/暫時停止銷售>,ABU038,委託聯博投資帳戶－全球成長收益型(全權委託帳戶之資產撥回機制來源可能為本金)(撥回率或撥回金額非固定),-0.72,1.12,9.2,6.64,8.95,17.46,37.47,17.43,52.77
闔家愛變額萬能壽險(無貨幣批註)<已停售/暫時停止銷售>,ABU041,委託聯博投資帳戶－全球成長收益型（單位撥回）(全權委託帳戶之資產撥回機制來源可能為本金)(撥回率或撥回金額非固定),-0.72,1.12,9.2,6.64,8.95,17.46,37.47,17.43,59.13
闔家愛變額萬能壽險(無貨幣批註)<已停售/暫時停止銷售>,ACT002,國泰台灣貨幣市場基金,0.14,0.42,0.8,1.14,1.53,3.03,4.37,5.77,32.77
闔家愛變額萬能壽險(無貨幣批註)<已停售/暫時停止銷售>,ACU007,委託國泰投資帳戶－ＶＩＰ多元收益組合（現金撥回）(全權委託帳戶之資產撥回機制來源可能為本金)(撥回率或撥回金額非固定),-0.2,-0.93,11.73,11.85,13.63,25.72,48.69,25.14,71.12
闔家愛變額萬能壽險(無貨幣批註)<已停售/暫時停止銷售>,ACU009,委託國泰投資帳戶－ＶＩＰ多元收益組合（單位撥回）(全權委託帳戶之資產撥回機制來源可能為本金)(撥回率或撥回金額非固定),-0.2,-0.93,11.73,11.85,13.63,25.72,48.69,25.14,57.07
闔家愛變額萬能壽險(無貨幣批註)<已停售/暫時停止銷售>,AMU051,委託摩根投資帳戶─多重趨勢收益組合(現金撥回)(全權委託帳戶之資產撥回機制來源可能為本金)(撥回率或撥回金額非固定),-0.08,1.44,11.47,7.95,10.94,20.04,43.14,22.7,67.01
闔家愛變額萬能壽險(無貨幣批註)<已停售/暫時停止銷售>,AMU059,委託摩根投資帳戶─多重趨勢收益組合（單位撥回）(全權委託帳戶之資產撥回機制來源可能為本金)(撥回率或撥回金額非固定),-0.08,1.44,11.47,7.95,10.94,20.04,43.14,22.7,57.36
闔家愛變額萬能壽險(無貨幣批註)<已停售/暫時停止銷售>,BSU039,委託施羅德投資帳戶─多元資產成長增值型（現金撥回）(全權委託帳戶之資產撥回機制來源可能為本金)(撥回率或撥回金額非固定),0.33,1.08,12.4,10.93,14.06,26.86,48.61,27.29,51.79
闔家愛變額萬能壽險(無貨幣批註)<已停售/暫時停止銷售>,BSU040,委託施羅德投資帳戶─多元資產成長增值型（單位撥回）(全權委託帳戶之資產撥回機制來源可能為本金)(撥回率或撥回金額非固定),0.33,1.08,12.4,10.93,14.06,26.86,48.61,27.29,51.79
(真)闔家愛變額萬能壽險<已停售/暫時停止銷售>,ABU038,委託聯博投資帳戶－全球成長收益型(全權委託帳戶之資產撥回機制來源可能為本金)(撥回率或撥回金額非固定),-0.72,1.12,9.2,6.64,8.95,17.46,37.47,17.43,52.77
(真)闔家愛變額萬能壽險<已停售/暫時停止銷售>,ABU041,委託聯博投資帳戶－全球成長收益型（單位撥回）(全權委託帳戶之資產撥回機制來源可能為本金)(撥回率或撥回金額非固定),-0.72,1.12,9.2,6.64,8.95,17.46,37.47,17.43,59.13
(真)闔家愛變額萬能壽險<已停售/暫時停止銷售>,ACT002,國泰台灣貨幣市場基金,0.14,0.42,0.8,1.14,1.53,3.03,4.37,5.77,32.77
(真)闔家愛變額萬能壽險<已停售/暫時停止銷售>,ACU007,委託國泰投資帳戶－ＶＩＰ多元收益組合（現金撥回）(全權委託帳戶之資產撥回機制來源可能為本金)(撥回率或撥回金額非固定),-0.2,-0.93,11.73,11.85,13.63,25.72,48.69,25.14,71.12
(真)闔家愛變額萬能壽險<已停售/暫時停止銷售>,ACU009,委託國泰投資帳戶－ＶＩＰ多元收益組合（單位撥回）(全權委託帳戶之資產撥回機制來源可能為本金)(撥回率或撥回金額非固定),-0.2,-0.93,11.73,11.85,13.63,25.72,48.69,25.14,57.07
(真)闔家愛變額萬能壽險<已停售/暫時停止銷售>,AFU056,富達美元現金基金,0.3,0.92,1.82,2.64,3.72,8.28,14.13,19.89,35.79
(真)闔家愛變額萬能壽險<已停售/暫時停止銷售>,AMU051,委託摩根投資帳戶─多重趨勢收益組合(現金撥回)(全權委託帳戶之資產撥回機制來源可能為本金)(撥回率或撥回金額非固定),-0.08,1.44,11.47,7.95,10.94,20.04,43.14,22.7,67.01
(真)闔家愛變額萬能壽險<已停售/暫時停止銷售>,AMU059,委託摩根投資帳戶─多重趨勢收益組合（單位撥回）(全權委託帳戶之資產撥回機制來源可能為本金)(撥回率或撥回金額非固定),-0.08,1.44,11.47,7.95,10.94,20.04,43.14,22.7,57.36
(真)闔家愛變額萬能壽險<已停售/暫時停止銷售>,BRU027,貝萊德美元儲備基金,0.25,0.82,1.65,2.39,3.41,7.65,13.18,18.6,-
(真)闔家愛變額萬能壽險<已停售/暫時停止銷售>,BSU039,委託施羅德投資帳戶─多元資產成長增值型（現金撥回）(全權委託帳戶之資產撥回機制來源可能為本金)(撥回率或撥回金額非固定),0.33,1.08,12.4,10.93,14.06,26.86,48.61,27.29,51.79
(真)闔家愛變額萬能壽險<已停售/暫時停止銷售>,BSU040,委託施羅德投資帳戶─多元資產成長增值型（單位撥回）(全權委託帳戶之資產撥回機制來源可能為本金)(撥回率或撥回金額非固定),0.33,1.08,12.4,10.93,14.06,26.86,48.61,27.29,51.79
(超)(真)(新)樂享人生外幣變額壽險<已停售/暫時停止銷售>,ABU038,委託聯博投資帳戶－全球成長收益型(全權委託帳戶之資產撥回機制來源可能為本金)(撥回率或撥回金額非固定),-0.72,1.12,9.2,6.64,8.95,17.46,37.47,17.43,52.77
(超)(真)(新)樂享人生外幣變額壽險<已停售/暫時停止銷售>,ABU041,委託聯博投資帳戶－全球成長收益型（單位撥回）(全權委託帳戶之資產撥回機制來源可能為本金)(撥回率或撥回金額非固定),-0.72,1.12,9.2,6.64,8.95,17.46,37.47,17.43,59.13
(超)(真)(新)樂享人生外幣變額壽險<已停售/暫時停止銷售>,ACU007,委託國泰投資帳戶－ＶＩＰ多元收益組合（現金撥回）(全權委託帳戶之資產撥回機制來源可能為本金)(撥回率或撥回金額非固定),-0.2,-0.93,11.73,11.85,13.63,25.72,48.69,25.14,71.12
(超)(真)(新)樂享人生外幣變額壽險<已停售/暫時停止銷售>,ACU009,委託國泰投資帳戶－ＶＩＰ多元收益組合（單位撥回）(全權委託帳戶之資產撥回機制來源可能為本金)(撥回率或撥回金額非固定),-0.2,-0.93,11.73,11.85,13.63,25.72,48.69,25.14,57.07
(超)(真)(新)樂享人生外幣變額壽險<已停售/暫時停止銷售>,AFU054,富達美元現金基金,0.3,0.92,1.82,2.64,3.72,8.28,14.13,19.89,35.79
(超)(真)(新)樂享人生外幣變額壽險<已停售/暫時停止銷售>,AFU056,富達美元現金基金,0.3,0.92,1.82,2.64,3.72,8.28,14.13,19.89,35.79
(超)(真)(新)樂享人生外幣變額壽險<已停售/暫時停止銷售>,AMU054,委託摩根投資帳戶─全球前瞻組合（現金撥回）(全權委託帳戶之資產撥回機制來源可能為本金)(撥回率或撥回金額非固定),-0.08,1.48,11.49,8.11,10.94,19.91,42.46,21.46,66.58
(超)(真)(新)樂享人生外幣變額壽險<已停售/暫時停止銷售>,AMU060,委託摩根投資帳戶─全球前瞻組合（單位撥回）(全權委託帳戶之資產撥回機制來源可能為本金)(撥回率或撥回金額非固定),-0.08,1.48,11.49,8.11,10.94,19.91,42.46,21.46,49.67
(超)(真)(新)樂享人生外幣變額壽險<已停售/暫時停止銷售>,BRU027,貝萊德美元儲備基金,0.25,0.82,1.65,2.39,3.41,7.65,13.18,18.6,-
鑫超樂享人生外幣變額壽險,ABU060,委託聯博投資帳戶-全球成長收益型(新現金撥回)(全權委託帳戶之資產撥回機制來源可能為本金)(撥回率或撥回金額非固定),-0.83,1.06,9.11,6.59,8.8,16.94,36.35,-,31.72
鑫超樂享人生外幣變額壽險,ACU021,委託國泰投資帳戶-ＶＩＰ多元收益組合(新現金撥回)(全權委託帳戶之資產撥回機制來源可能為本金)(撥回率或撥回金額非固定),-1.24,-1.92,10.66,10.51,12.12,23.3,43.98,-,37.92
鑫超樂享人生外幣變額壽險,AFU054,富達美元現金基金,0.3,0.92,1.82,2.64,3.72,8.28,14.13,19.89,35.79
鑫超樂享人生外幣變額壽險,AFU056,富達美元現金基金,0.3,0.92,1.82,2.64,3.72,8.28,14.13,19.89,35.79
鑫超樂享人生外幣變額壽險,AMU074,委託摩根投資帳戶-全球前瞻組合(新現金撥回)(全權委託帳戶之資產撥回機制來源可能為本金)(撥回率或撥回金額非固定),-0.08,1.38,11.33,7.87,10.54,19.12,40.59,-,34.82
鑫超樂享人生外幣變額壽險,BRU027,貝萊德美元儲備基金,0.25,0.82,1.65,2.39,3.41,7.65,13.18,18.6,-
新世紀變額遞延年金保險(甲型)<已停售/暫時停止銷售>,AKU001,富蘭克林坦伯頓成長基金,-1.29,3.22,10.48,5.67,11.05,26.28,52.06,45.19,-
月月加鑫變額年金保險<已停售/暫時停止銷售>,ACT002,國泰台灣貨幣市場基金,0.14,0.42,0.8,1.14,1.53,3.03,4.37,5.77,32.77
月月加鑫變額年金保險<已停售/暫時停止銷售>,AFU056,富達美元現金基金,0.3,0.92,1.82,2.64,3.72,8.28,14.13,19.89,35.79
月月加鑫變額年金保險<已停售/暫時停止銷售>,AIU001,委託國泰投顧投資帳戶－泰優利組合（現金撥回）(全權委託帳戶之資產撥回機制來源可能為本金)(撥回率或撥回金額非固定),0.06,0.86,11.26,9.03,11.11,15.25,36.26,2.68,14.95
月月加鑫變額年金保險<已停售/暫時停止銷售>,AIU002,委託國泰投顧投資帳戶－泰優利組合（單位撥回）(全權委託帳戶之資產撥回機制來源可能為本金)(撥回率或撥回金額非固定),0.06,0.86,11.26,9.03,11.11,15.25,36.26,2.68,14.95
月月加鑫變額年金保險<已停售/暫時停止銷售>,BRU027,貝萊德美元儲備基金,0.25,0.82,1.65,2.39,3.41,7.65,13.18,18.6,-
月月加鑫外幣變額年金保險<已停售/暫時停止銷售>,AFU054,富達美元現金基金,0.3,0.92,1.82,2.64,3.72,8.28,14.13,19.89,35.79
月月加鑫外幣變額年金保險<已停售/暫時停止銷售>,AFU056,富達美元現金基金,0.3,0.92,1.82,2.64,3.72,8.28,14.13,19.89,35.79
月月加鑫外幣變額年金保險<已停售/暫時停止銷售>,AIU001,委託國泰投顧投資帳戶－泰優利組合（現金撥回）(全權委託帳戶之資產撥回機制來源可能為本金)(撥回率或撥回金額非固定),0.06,0.86,11.26,9.03,11.11,15.25,36.26,2.68,14.95
月月加鑫外幣變額年金保險<已停售/暫時停止銷售>,AIU002,委託國泰投顧投資帳戶－泰優利組合（單位撥回）(全權委託帳戶之資產撥回機制來源可能為本金)(撥回率或撥回金額非固定),0.06,0.86,11.26,9.03,11.11,15.25,36.26,2.68,14.95
月月加鑫外幣變額年金保險<已停售/暫時停止銷售>,BRU027,貝萊德美元儲備基金,0.25,0.82,1.65,2.39,3.41,7.65,13.18,18.6,-
月月有鑫變額壽險<已停售/暫時停止銷售>,ACT002,國泰台灣貨幣市場基金,0.14,0.42,0.8,1.14,1.53,3.03,4.37,5.77,32.77
月月有鑫變額壽險<已停售/暫時停止銷售>,AFU056,富達美元現金基金,0.3,0.92,1.82,2.64,3.72,8.28,14.13,19.89,35.79
月月有鑫變額壽險<已停售/暫時停止銷售>,AIU001,委託國泰投顧投資帳戶－泰優利組合（現金撥回）(全權委託帳戶之資產撥回機制來源可能為本金)(撥回率或撥回金額非固定),0.06,0.86,11.26,9.03,11.11,15.25,36.26,2.68,14.95
月月有鑫變額壽險<已停售/暫時停止銷售>,AIU002,委託國泰投顧投資帳戶－泰優利組合（單位撥回）(全權委託帳戶之資產撥回機制來源可能為本金)(撥回率或撥回金額非固定),0.06,0.86,11.26,9.03,11.11,15.25,36.26,2.68,14.95
月月有鑫變額壽險<已停售/暫時停止銷售>,BRU027,貝萊德美元儲備基金,0.25,0.82,1.65,2.39,3.41,7.65,13.18,18.6,-
月月有鑫變額年金保險<已停售/暫時停止銷售>,ACT002,國泰台灣貨幣市場基金,0.14,0.42,0.8,1.14,1.53,3.03,4.37,5.77,32.77
月月有鑫變額年金保險<已停售/暫時停止銷售>,AFU056,富達美元現金基金,0.3,0.92,1.82,2.64,3.72,8.28,14.13,19.89,35.79
月月有鑫變額年金保險<已停售/暫時停止銷售>,AIU001,委託國泰投顧投資帳戶－泰優利組合（現金撥回）(全權委託帳戶之資產撥回機制來源可能為本金)(撥回率或撥回金額非固定),0.06,0.86,11.26,9.03,11.11,15.25,36.26,2.68,14.95
月月有鑫變額年金保險<已停售/暫時停止銷售>,AIU002,委託國泰投顧投資帳戶－泰優利組合（單位撥回）(全權委託帳戶之資產撥回機制來源可能為本金)(撥回率或撥回金額非固定),0.06,0.86,11.26,9.03,11.11,15.25,36.26,2.68,14.95
月月有鑫變額年金保險<已停售/暫時停止銷售>,BRU027,貝萊德美元儲備基金,0.25,0.82,1.65,2.39,3.41,7.65,13.18,18.6,-
月月有鑫外幣變額年金保險<已停售/暫時停止銷售>,AFU054,富達美元現金基金,0.3,0.92,1.82,2.64,3.72,8.28,14.13,19.89,35.79
月月有鑫外幣變額年金保險<已停售/暫時停止銷售>,AFU056,富達美元現金基金,0.3,0.92,1.82,2.64,3.72,8.28,14.13,19.89,35.79
月月有鑫外幣變額年金保險<已停售/暫時停止銷售>,AIU001,委託國泰投顧投資帳戶－泰優利組合（現金撥回）(全權委託帳戶之資產撥回機制來源可能為本金)(撥回率或撥回金額非固定),0.06,0.86,11.26,9.03,11.11,15.25,36.26,2.68,14.95
月月有鑫外幣變額年金保險<已停售/暫時停止銷售>,AIU002,委託國泰投顧投資帳戶－泰優利組合（單位撥回）(全權委託帳戶之資產撥回機制來源可能為本金)(撥回率或撥回金額非固定),0.06,0.86,11.26,9.03,11.11,15.25,36.26,2.68,14.95
月月有鑫外幣變額年金保險<已停售/暫時停止銷售>,BRU027,貝萊德美元儲備基金,0.25,0.82,1.65,2.39,3.41,7.65,13.18,18.6,-
創世紀變額萬能壽險(甲型、乙型、丙型、丁型)<已停售/暫時停止銷售>,查無資料,查無資料,查無資料,查無資料,查無資料,查無資料,查無資料,查無資料,查無資料,查無資料,查無資料
(真)(新)好事成雙變額萬能壽險<已停售/暫時停止銷售>,查無資料,查無資料,查無資料,查無資料,查無資料,查無資料,查無資料,查無資料,查無資料,查無資料,查無資料
飛揚人生變額年金保險<已停售/暫時停止銷售>,ABU046,委託聯博投資帳戶─樂活聯年平衡型（現金撥回）(全權委託帳戶之資產撥回機制來源可能為本金)(撥回率或撥回金額非固定),-1.36,0.79,6.62,3.6,5.26,11.91,27.81,12.5,50.99
飛揚人生變額年金保險<已停售/暫時停止銷售>,ACT002,國泰台灣貨幣市場基金,0.14,0.42,0.8,1.14,1.53,3.03,4.37,5.77,32.77
飛揚人生變額年金保險<已停售/暫時停止銷售>,ACU008,委託國泰投資帳戶－智能靈活組合（現金撥回）(全權委託帳戶之資產撥回機制來源可能為本金)(撥回率或撥回金額非固定),-0.9,-0.05,9.19,6.63,8.86,17.39,37.52,16.58,50.97
飛揚人生變額年金保險<已停售/暫時停止銷售>,AMU057,委託摩根投資帳戶─核心策略收益組合（現金撥回）(全權委託帳戶之資產撥回機制來源可能為本金)(撥回率或撥回金額非固定),-0.96,0.58,9.04,5.38,8.22,15.12,35.74,18.41,55.07
飛揚人生變額年金保險<已停售/暫時停止銷售>,BSU045,委託施羅德投資帳戶─進階智慧平衡型（現金撥回）(全權委託帳戶之資產撥回機制來源可能為本金)(撥回率或撥回金額非固定),-0.07,1.52,10.07,7.62,9.84,20.27,40.52,21.18,60.24
飛揚人生外幣變額年金保險<已停售/暫時停止銷售>,ABU046,委託聯博投資帳戶─樂活聯年平衡型（現金撥回）(全權委託帳戶之資產撥回機制來源可能為本金)(撥回率或撥回金額非固定),-1.36,0.79,6.62,3.6,5.26,11.91,27.81,12.5,50.99
飛揚人生外幣變額年金保險<已停售/暫時停止銷售>,ACU008,委託國泰投資帳戶－智能靈活組合（現金撥回）(全權委託帳戶之資產撥回機制來源可能為本金)(撥回率或撥回金額非固定),-0.9,-0.05,9.19,6.63,8.86,17.39,37.52,16.58,50.97
飛揚人生外幣變額年金保險<已停售/暫時停止銷售>,AFU054,富達美元現金基金,0.3,0.92,1.82,2.64,3.72,8.28,14.13,19.89,35.79
飛揚人生外幣變額年金保險<已停售/暫時停止銷售>,AMU057,委託摩根投資帳戶─核心策略收益組合（現金撥回）(全權委託帳戶之資產撥回機制來源可能為本金)(撥回率或撥回金額非固定),-0.96,0.58,9.04,5.38,8.22,15.12,35.74,18.41,55.07
飛揚人生外幣變額年金保險<已停售/暫時停止銷售>,BSU045,委託施羅德投資帳戶─進階智慧平衡型（現金撥回）(全權委託帳戶之資產撥回機制來源可能為本金)(撥回率或撥回金額非固定),-0.07,1.52,10.07,7.62,9.84,20.27,40.52,21.18,60.24
真飛揚人生變額年金保險<已停售/暫時停止銷售>,ABU055,委託聯博投資帳戶─樂活聯年平衡型（現金撥回POWER）(全權委託帳戶之資產撥回機制來源可能為本金)(撥回率或撥回金額非固定),-1.26,0.94,6.99,4.07,5.78,13.06,29.63,14.97,22.2
真飛揚人生變額年金保險<已停售/暫時停止銷售>,ACT002,國泰台灣貨幣市場基金,0.14,0.42,0.8,1.14,1.53,3.03,4.37,5.77,32.77
真飛揚人生變額年金保險<已停售/暫時停止銷售>,ACU015,委託國泰投資帳戶－智能靈活組合（現金撥回POWER）(全權委託帳戶之資產撥回機制來源可能為本金)(撥回率或撥回金額非固定),-0.83,0.05,9.43,7.12,9.44,18.52,39.46,19.74,28.0
真飛揚人生變額年金保險<已停售/暫時停止銷售>,BSU055,委託施羅德投資帳戶─進階智慧平衡型（現金撥回POWER）(全權委託帳戶之資產撥回機制來源可能為本金)(撥回率或撥回金額非固定),0.02,1.72,10.36,8.05,10.43,21.6,42.57,23.99,31.1
真飛揚人生外幣變額年金保險<已停售/暫時停止銷售>,ABU055,委託聯博投資帳戶─樂活聯年平衡型（現金撥回POWER）(全權委託帳戶之資產撥回機制來源可能為本金)(撥回率或撥回金額非固定),-1.26,0.94,6.99,4.07,5.78,13.06,29.63,14.97,22.2
真飛揚人生外幣變額年金保險<已停售/暫時停止銷售>,ACU015,委託國泰投資帳戶－智能靈活組合（現金撥回POWER）(全權委託帳戶之資產撥回機制來源可能為本金)(撥回率或撥回金額非固定),-0.83,0.05,9.43,7.12,9.44,18.52,39.46,19.74,28.0
真飛揚人生外幣變額年金保險<已停售/暫時停止銷售>,AFU054,富達美元現金基金,0.3,0.92,1.82,2.64,3.72,8.28,14.13,19.89,35.79
真飛揚人生外幣變額年金保險<已停售/暫時停止銷售>,BSU055,委託施羅德投資帳戶─進階智慧平衡型（現金撥回POWER）(全權委託帳戶之資產撥回機制來源可能為本金)(撥回率或撥回金額非固定),0.02,1.72,10.36,8.05,10.43,21.6,42.57,23.99,31.1
金還鑽人民幣變額年金保險<已停售/暫時停止銷售>,EGC001,嘉實MSCI中國A股ETF,-6.25,-10.36,-3.56,-5.67,-5.84,17.26,13.57,-12.68,89.85
金還鑽人民幣變額年金保險<已停售/暫時停止銷售>,EHC001,華夏滬深300 ETF,-6.1,-11.39,-3.52,-5.94,-4.09,13.02,18.87,-9.97,85.87
金還鑽人民幣變額年金保險<已停售/暫時停止銷售>,ENC001,南方富時中國A50 ETF,-5.49,-8.78,-3.68,-7.44,-7.64,3.2,5.28,-14.55,73.62
(超)(新)金還鑽人民幣變額年金保險(含雙平台投資標的批註)<已停售/暫時停止銷售>,ABC001,聯博全球非投資等級債券基金ＴＡ（人民幣計價）,-1.35,-1.51,0.47,-1.31,-1.3,2.41,13.48,2.87,37.5
(超)(新)金還鑽人民幣變額年金保險(含雙平台投資標的批註)<已停售/暫時停止銷售>,ABC002,聯博多元資產收益組合基金（人民幣計價）,-1.09,-0.63,7.34,4.92,6.38,13.59,31.18,12.31,98.87
(超)(新)金還鑽人民幣變額年金保險(含雙平台投資標的批註)<已停售/暫時停止銷售>,ABC003,聯博多元資產收益組合基金ＡＤ（人民幣計價）,-1.12,-0.6,7.31,4.84,6.32,13.57,31.14,12.22,96.83
(超)(新)金還鑽人民幣變額年金保險(含雙平台投資標的批註)<已停售/暫時停止銷售>,ABC004,聯博歐洲多重資產基金ＡＤ（人民幣計價）,-1.33,1.56,8.16,5.53,10.09,20.61,33.23,19.07,86.16
(超)(新)金還鑽人民幣變額年金保險(含雙平台投資標的批註)<已停售/暫時停止銷售>,ACC001,國泰人民幣貨幣市場基金,0.09,0.25,0.51,0.74,1.02,2.58,4.7,8.86,34.02
(超)(新)金還鑽人民幣變額年金保險(含雙平台投資標的批註)<已停售/暫時停止銷售>,ACC002,國泰新興非投資等級債券基金（人民幣計價）,-0.86,-1.3,1.38,0.51,-0.86,9.09,22.8,15.76,34.35
(超)(新)金還鑽人民幣變額年金保險(含雙平台投資標的批註)<已停售/暫時停止銷售>,ACC003,國泰新興非投資等級債券基金（每月配息）（人民幣計價）,-0.87,-1.3,1.38,0.51,-0.86,9.05,22.78,15.77,28.66
(超)(新)金還鑽人民幣變額年金保險(含雙平台投資標的批註)<已停售/暫時停止銷售>,ACC004,國泰亞太入息平衡基金(人民幣計價),1.89,-16.79,31.85,55.52,69.94,102.0,144.33,94.27,195.93
(超)(新)金還鑽人民幣變額年金保險(含雙平台投資標的批註)<已停售/暫時停止銷售>,ACC005,國泰中國內需增長基金(人民幣計價),-1.02,-23.12,16.98,24.25,27.81,78.67,94.54,2.79,60.35
(超)(新)金還鑽人民幣變額年金保險(含雙平台投資標的批註)<已停售/暫時停止銷售>,AGC001,野村環球基金(人民幣計價),-0.77,-0.74,10.73,3.06,3.64,18.67,50.54,27.19,236.3
(超)(新)金還鑽人民幣變額年金保險(含雙平台投資標的批註)<已停售/暫時停止銷售>,AHC001,瀚亞印度基金(人民幣計價),-4.8,0.76,11.6,-10.12,-12.56,-17.72,13.41,27.71,152.1
(超)(新)金還鑽人民幣變額年金保險(含雙平台投資標的批註)<已停售/暫時停止銷售>,AMC001,摩根多元入息成長基金（每月配息）（人民幣計價）,-0.98,-0.31,3.8,1.87,2.56,8.59,21.94,14.82,89.2
(超)(新)金還鑽人民幣變額年金保險(含雙平台投資標的批註)<已停售/暫時停止銷售>,BSC001,施羅德中國非投資等級債券基金（每月配息）,-0.58,-0.44,1.07,-0.06,0.06,2.49,11.97,-19.35,-1.89
(超)(新)金還鑽人民幣變額年金保險(含雙平台投資標的批註)<已停售/暫時停止銷售>,BSC002,施羅德中國非投資等級債券基金,-0.56,-0.45,1.05,-0.09,0.04,2.57,12.18,-18.79,-0.21
(超)(新)金還鑽人民幣變額年金保險(含雙平台投資標的批註)<已停售/暫時停止銷售>,EGC001,嘉實MSCI中國A股ETF,-6.25,-10.36,-3.56,-5.67,-5.84,17.26,13.57,-12.68,89.85
(超)(新)金還鑽人民幣變額年金保險(含雙平台投資標的批註)<已停售/暫時停止銷售>,EHC001,華夏滬深300 ETF,-6.1,-11.39,-3.52,-5.94,-4.09,13.02,18.87,-9.97,85.87
(超)(新)金還鑽人民幣變額年金保險(含雙平台投資標的批註)<已停售/暫時停止銷售>,ENC001,南方富時中國A50 ETF,-5.49,-8.78,-3.68,-7.44,-7.64,3.2,5.28,-14.55,73.62
飛翔樂退變額年金保險<已停售/暫時停止銷售>,ACT002,國泰台灣貨幣市場基金,0.14,0.42,0.8,1.14,1.53,3.03,4.37,5.77,32.77
飛翔樂退變額年金保險<已停售/暫時停止銷售>,ACU013,委託國泰投資帳戶－ＴＯＰ收益抗震組合（現金撥回）(全權委託帳戶之資產撥回機制來源可能為本金)(撥回率或撥回金額非固定),-0.47,0.33,9.62,7.51,10.37,20.49,41.24,17.45,48.26
飛翔樂退變額年金保險<已停售/暫時停止銷售>,ACU014,委託國泰投資帳戶－ＧＰＳ穩健領航組合（累積型）,-0.91,0.33,8.48,11.75,13.41,20.6,40.02,23.54,52.2
飛翔樂退變額年金保險<已停售/暫時停止銷售>,BRU066,委託貝萊德投資帳戶－鑫利收益型（現金撥回）(全權委託帳戶之資產撥回機制來源可能為本金)(撥回率或撥回金額非固定),0.13,0.23,9.53,7.2,10.07,21.01,43.07,27.73,54.04
飛翔樂退變額年金保險<已停售/暫時停止銷售>,BRU067,委託貝萊德投資帳戶－鑫安穩健型（累積型）,0.18,0.36,9.82,7.58,10.76,21.79,45.89,35.8,68.8
飛翔樂退外幣變額年金保險<已停售/暫時停止銷售>,ACU013,委託國泰投資帳戶－ＴＯＰ收益抗震組合（現金撥回）(全權委託帳戶之資產撥回機制來源可能為本金)(撥回率或撥回金額非固定),-0.47,0.33,9.62,7.51,10.37,20.49,41.24,17.45,48.26
飛翔樂退外幣變額年金保險<已停售/暫時停止銷售>,ACU014,委託國泰投資帳戶－ＧＰＳ穩健領航組合（累積型）,-0.91,0.33,8.48,11.75,13.41,20.6,40.02,23.54,52.2
飛翔樂退外幣變額年金保險<已停售/暫時停止銷售>,AFU054,富達美元現金基金,0.3,0.92,1.82,2.64,3.72,8.28,14.13,19.89,35.79
飛翔樂退外幣變額年金保險<已停售/暫時停止銷售>,BRU066,委託貝萊德投資帳戶－鑫利收益型（現金撥回）(全權委託帳戶之資產撥回機制來源可能為本金)(撥回率或撥回金額非固定),0.13,0.23,9.53,7.2,10.07,21.01,43.07,27.73,54.04
飛翔樂退外幣變額年金保險<已停售/暫時停止銷售>,BRU067,委託貝萊德投資帳戶－鑫安穩健型（累積型）,0.18,0.36,9.82,7.58,10.76,21.79,45.89,35.8,68.8
飛Young人生變額年金保險<已停售/暫時停止銷售>,ACT002,國泰台灣貨幣市場基金,0.14,0.42,0.8,1.14,1.53,3.03,4.37,5.77,32.77
飛Young人生變額年金保險<已停售/暫時停止銷售>,ACU013,委託國泰投資帳戶－ＴＯＰ收益抗震組合（現金撥回）(全權委託帳戶之資產撥回機制來源可能為本金)(撥回率或撥回金額非固定),-0.47,0.33,9.62,7.51,10.37,20.49,41.24,17.45,48.26
飛Young人生變額年金保險<已停售/暫時停止銷售>,ACU014,委託國泰投資帳戶－ＧＰＳ穩健領航組合（累積型）,-0.91,0.33,8.48,11.75,13.41,20.6,40.02,23.54,52.2
飛Young人生變額年金保險<已停售/暫時停止銷售>,BRU066,委託貝萊德投資帳戶－鑫利收益型（現金撥回）(全權委託帳戶之資產撥回機制來源可能為本金)(撥回率或撥回金額非固定),0.13,0.23,9.53,7.2,10.07,21.01,43.07,27.73,54.04
飛Young人生變額年金保險<已停售/暫時停止銷售>,BRU067,委託貝萊德投資帳戶－鑫安穩健型（累積型）,0.18,0.36,9.82,7.58,10.76,21.79,45.89,35.8,68.8
飛Young人生外幣變額年金保險<已停售/暫時停止銷售>,ACU013,委託國泰投資帳戶－ＴＯＰ收益抗震組合（現金撥回）(全權委託帳戶之資產撥回機制來源可能為本金)(撥回率或撥回金額非固定),-0.47,0.33,9.62,7.51,10.37,20.49,41.24,17.45,48.26
飛Young人生外幣變額年金保險<已停售/暫時停止銷售>,ACU014,委託國泰投資帳戶－ＧＰＳ穩健領航組合（累積型）,-0.91,0.33,8.48,11.75,13.41,20.6,40.02,23.54,52.2
飛Young人生外幣變額年金保險<已停售/暫時停止銷售>,AFU054,富達美元現金基金,0.3,0.92,1.82,2.64,3.72,8.28,14.13,19.89,35.79
飛Young人生外幣變額年金保險<已停售/暫時停止銷售>,BRU066,委託貝萊德投資帳戶－鑫利收益型（現金撥回）(全權委託帳戶之資產撥回機制來源可能為本金)(撥回率或撥回金額非固定),0.13,0.23,9.53,7.2,10.07,21.01,43.07,27.73,54.04
飛Young人生外幣變額年金保險<已停售/暫時停止銷售>,BRU067,委託貝萊德投資帳戶－鑫安穩健型（累積型）,0.18,0.36,9.82,7.58,10.76,21.79,45.89,35.8,68.8
真飛Young人生變額年金保險,ACU014,委託國泰投資帳戶－ＧＰＳ穩健領航組合（累積型）,-0.91,0.33,8.48,11.75,13.41,20.6,40.02,23.54,52.2
真飛Young人生變額年金保險,BRU067,委託貝萊德投資帳戶－鑫安穩健型（累積型）,0.18,0.36,9.82,7.58,10.76,21.79,45.89,35.8,68.8
真飛Young人生外幣變額年金保險,ACU014,委託國泰投資帳戶－ＧＰＳ穩健領航組合（累積型）,-0.91,0.33,8.48,11.75,13.41,20.6,40.02,23.54,52.2
真飛Young人生外幣變額年金保險,BRU067,委託貝萊德投資帳戶－鑫安穩健型（累積型）,0.18,0.36,9.82,7.58,10.76,21.79,45.89,35.8,68.8
(真)(新)月月鑫安變額萬能壽險<已停售/暫時停止銷售>,ABA011,委託聯博投資帳戶－澳幣環球穩健型（現金撥回）(全權委託帳戶之資產撥回機制來源可能為本金)(撥回率或撥回金額非固定),-0.39,0.36,8.45,4.92,6.76,16.45,33.33,15.84,52.74
(真)(新)月月鑫安變額萬能壽險<已停售/暫時停止銷售>,ABA015,委託聯博投資帳戶－澳幣環球穩健型（單位撥回）(全權委託帳戶之資產撥回機制來源可能為本金)(撥回率或撥回金額非固定),-0.39,0.36,8.45,4.92,6.76,16.45,33.33,15.84,43.02
(真)(新)月月鑫安變額萬能壽險<已停售/暫時停止銷售>,ABU036,委託聯博投資帳戶－全球多元資產收益型（現金撥回）(全權委託帳戶之資產撥回機制來源可能為本金)(撥回率或撥回金額非固定),-0.9,0.97,8.49,6.26,8.61,17.93,38.18,18.87,64.0
(真)(新)月月鑫安變額萬能壽險<已停售/暫時停止銷售>,ABU037,委託聯博投資帳戶－全球多元資產收益型（單位撥回）(全權委託帳戶之資產撥回機制來源可能為本金)(撥回率或撥回金額非固定),-0.9,0.97,8.49,6.26,8.61,17.93,38.18,18.87,63.3
(真)(新)月月鑫安變額萬能壽險<已停售/暫時停止銷售>,ACA001,委託國泰投資帳戶─澳幣全球收益（現金撥回）(全權委託帳戶之資產撥回機制來源可能為本金)(撥回率或撥回金額非固定),0.02,-3.12,7.75,4.24,6.84,15.56,32.22,9.52,46.44
(真)(新)月月鑫安變額萬能壽險<已停售/暫時停止銷售>,ACA002,委託國泰投資帳戶─澳幣全球收益（單位撥回）(全權委託帳戶之資產撥回機制來源可能為本金)(撥回率或撥回金額非固定),0.02,-3.12,7.75,4.24,6.84,15.56,32.22,9.52,40.51
(真)(新)月月鑫安變額萬能壽險<已停售/暫時停止銷售>,ACT002,國泰台灣貨幣市場基金,0.14,0.42,0.8,1.14,1.53,3.03,4.37,5.77,32.77
(真)(新)月月鑫安變額萬能壽險<已停售/暫時停止銷售>,ACU004,委託國泰投資帳戶─ＳＭＡＲＴ股債平衡型（現金撥回）(全權委託帳戶之資產撥回機制來源可能為本金)(撥回率或撥回金額非固定),-0.54,-0.61,11.03,10.26,12.85,22.78,43.2,21.88,53.11
(真)(新)月月鑫安變額萬能壽險<已停售/暫時停止銷售>,ACU005,委託國泰投資帳戶─ＳＭＡＲＴ股債平衡型（單位撥回）(全權委託帳戶之資產撥回機制來源可能為本金)(撥回率或撥回金額非固定),-0.54,-0.61,11.03,10.26,12.85,22.78,43.2,21.88,52.93
(真)(新)月月鑫安變額萬能壽險<已停售/暫時停止銷售>,AFU042,委託富達投資帳戶─全天候入息型（現金撥回）(全權委託帳戶之資產撥回機制來源可能為本金)(撥回率或撥回金額非固定),-0.36,2.8,12.66,11.29,14.88,20.17,40.09,18.21,38.02
(真)(新)月月鑫安變額萬能壽險<已停售/暫時停止銷售>,AFU043,委託富達投資帳戶─全天候入息型（單位撥回）(全權委託帳戶之資產撥回機制來源可能為本金)(撥回率或撥回金額非固定),-0.36,2.8,12.66,11.29,14.88,20.17,40.09,18.21,41.73
(真)(新)月月鑫安變額萬能壽險<已停售/暫時停止銷售>,AFU056,富達美元現金基金,0.3,0.92,1.82,2.64,3.72,8.28,14.13,19.89,35.79
(真)(新)月月鑫安變額萬能壽險<已停售/暫時停止銷售>,AMA006,委託摩根投資帳戶─澳幣多重收益組合（現金撥回）(全權委託帳戶之資產撥回機制來源可能為本金)(撥回率或撥回金額非固定),0.41,0.83,9.29,5.74,8.17,17.73,35.62,16.12,47.82
(真)(新)月月鑫安變額萬能壽險<已停售/暫時停止銷售>,AMA007,委託摩根投資帳戶─澳幣多重收益組合（單位撥回）(全權委託帳戶之資產撥回機制來源可能為本金)(撥回率或撥回金額非固定),0.41,0.83,9.29,5.74,8.17,17.73,35.62,16.12,47.82
(真)(新)月月鑫安變額萬能壽險<已停售/暫時停止銷售>,AMU047,委託摩根投資帳戶─用心收益平衡型（現金撥回）(全權委託帳戶之資產撥回機制來源可能為本金)(撥回率或撥回金額非固定),-0.19,1.07,10.13,7.14,10.1,18.92,39.93,20.1,63.43
(真)(新)月月鑫安變額萬能壽險<已停售/暫時停止銷售>,AMU048,委託摩根投資帳戶─用心收益平衡型（單位撥回）(全權委託帳戶之資產撥回機制來源可能為本金)(撥回率或撥回金額非固定),-0.19,1.07,10.13,7.14,10.1,18.92,39.93,20.1,63.38
(真)(新)月月鑫安變額萬能壽險<已停售/暫時停止銷售>,BRU027,貝萊德美元儲備基金,0.25,0.82,1.65,2.39,3.41,7.65,13.18,18.6,-
(真)(新)月月鑫安變額萬能壽險<已停售/暫時停止銷售>,BSA007,委託施羅德投資帳戶－澳幣雙平衡（現金撥回）(全權委託帳戶之資產撥回機制來源可能為本金)(撥回率或撥回金額非固定),0.91,1.92,15.04,11.37,14.48,29.29,46.8,31.33,58.42
(真)(新)月月鑫安變額萬能壽險<已停售/暫時停止銷售>,BSA008,委託施羅德投資帳戶－澳幣雙平衡（單位撥回）(全權委託帳戶之資產撥回機制來源可能為本金)(撥回率或撥回金額非固定),0.91,1.92,15.04,11.37,14.48,29.29,46.8,31.33,58.42
(真)(新)月月鑫安變額萬能壽險<已停售/暫時停止銷售>,BSU029,委託施羅德投資帳戶─股債收益平衡（現金撥回）(全權委託帳戶之資產撥回機制來源可能為本金)(撥回率或撥回金額非固定),0.22,1.71,12.57,10.36,13.35,25.32,45.14,24.64,62.51
(真)(新)月月鑫安變額萬能壽險<已停售/暫時停止銷售>,BSU036,委託施羅德投資帳戶─股債收益平衡（單位撥回）(全權委託帳戶之資產撥回機制來源可能為本金)(撥回率或撥回金額非固定),0.22,1.71,12.57,10.36,13.35,25.32,45.14,24.64,55.6
超飛揚變額年金保險<已停售/暫時停止銷售>,ABU063,委託聯博投資帳戶-多元守護(現金撥回)(全權委託帳戶之資產撥回機制來源可能為本金)(撥回率或撥回金額非固定),-0.7,0.55,7.67,5.34,7.28,15.88,-,-,18.08
超飛揚變額年金保險<已停售/暫時停止銷售>,ACT002,國泰台灣貨幣市場基金,0.14,0.42,0.8,1.14,1.53,3.03,4.37,5.77,32.77
超飛揚變額年金保險<已停售/暫時停止銷售>,ALU010,委託景順投資帳戶-智能動態增益(現金撥回)(全權委託帳戶之資產撥回機制來源可能為本金)(撥回率或撥回金額非固定),-0.52,1.01,7.63,6.01,8.67,11.29,-,-,22.03
超飛揚變額年金保險<已停售/暫時停止銷售>,CTU001,委託中國信託投資帳戶-全球大滿貫組合(現金撥回)(全權委託帳戶之資產撥回機制來源可能為本金)(撥回率或撥回金額非固定),-0.15,-0.09,6.2,7.24,8.63,-,-,-,12.78
超飛揚外幣變額年金保險<已停售/暫時停止銷售>,ABU063,委託聯博投資帳戶-多元守護(現金撥回)(全權委託帳戶之資產撥回機制來源可能為本金)(撥回率或撥回金額非固定),-0.7,0.55,7.67,5.34,7.28,15.88,-,-,18.08
超飛揚外幣變額年金保險<已停售/暫時停止銷售>,ALU010,委託景順投資帳戶-智能動態增益(現金撥回)(全權委託帳戶之資產撥回機制來源可能為本金)(撥回率或撥回金額非固定),-0.52,1.01,7.63,6.01,8.67,11.29,-,-,22.03
超飛揚外幣變額年金保險<已停售/暫時停止銷售>,BZU017,瑞銀(盧森堡)美元基金,0.25,0.83,1.67,2.36,3.44,7.7,13.4,18.72,-
超飛揚外幣變額年金保險<已停售/暫時停止銷售>,CTU001,委託中國信託投資帳戶-全球大滿貫組合(現金撥回)(全權委託帳戶之資產撥回機制來源可能為本金)(撥回率或撥回金額非固定),-0.15,-0.09,6.2,7.24,8.63,-,-,-,12.78
超飛揚變額年金保險(含募集停泊標的),ABU063,委託聯博投資帳戶-多元守護(現金撥回)(全權委託帳戶之資產撥回機制來源可能為本金)(撥回率或撥回金額非固定),-0.7,0.55,7.67,5.34,7.28,15.88,-,-,18.08
超飛揚變額年金保險(含募集停泊標的),ACT002,國泰台灣貨幣市場基金,0.14,0.42,0.8,1.14,1.53,3.03,4.37,5.77,32.77
超飛揚變額年金保險(含募集停泊標的),ALU010,委託景順投資帳戶-智能動態增益(現金撥回)(全權委託帳戶之資產撥回機制來源可能為本金)(撥回率或撥回金額非固定),-0.52,1.01,7.63,6.01,8.67,11.29,-,-,22.03
超飛揚變額年金保險(含募集停泊標的),BZU018,瑞銀(盧森堡)美元基金,0.25,0.83,1.67,2.36,3.44,7.7,13.4,18.72,-
超飛揚變額年金保險(含募集停泊標的),CTU001,委託中國信託投資帳戶-全球大滿貫組合(現金撥回)(全權委託帳戶之資產撥回機制來源可能為本金)(撥回率或撥回金額非固定),-0.15,-0.09,6.2,7.24,8.63,-,-,-,12.78
超飛揚外幣變額年金保險(含募集停泊標的),ABU063,委託聯博投資帳戶-多元守護(現金撥回)(全權委託帳戶之資產撥回機制來源可能為本金)(撥回率或撥回金額非固定),-0.7,0.55,7.67,5.34,7.28,15.88,-,-,18.08
超飛揚外幣變額年金保險(含募集停泊標的),ALU010,委託景順投資帳戶-智能動態增益(現金撥回)(全權委託帳戶之資產撥回機制來源可能為本金)(撥回率或撥回金額非固定),-0.52,1.01,7.63,6.01,8.67,11.29,-,-,22.03
超飛揚外幣變額年金保險(含募集停泊標的),BZU017,瑞銀(盧森堡)美元基金,0.25,0.83,1.67,2.36,3.44,7.7,13.4,18.72,-
超飛揚外幣變額年金保險(含募集停泊標的),BZU018,瑞銀(盧森堡)美元基金,0.25,0.83,1.67,2.36,3.44,7.7,13.4,18.72,-
超飛揚外幣變額年金保險(含募集停泊標的),CTU001,委託中國信託投資帳戶-全球大滿貫組合(現金撥回)(全權委託帳戶之資產撥回機制來源可能為本金)(撥回率或撥回金額非固定),-0.15,-0.09,6.2,7.24,8.63,-,-,-,12.78
月享安鑫變額年金保險,ACT002,國泰台灣貨幣市場基金,0.14,0.42,0.8,1.14,1.53,3.03,4.37,5.77,32.77
月享安鑫變額年金保險,ACU025,委託國泰投資帳戶-智富全勝(現金撥回)(全權委託帳戶之資產撥回機制來源可能為本金)(撥回率或撥回金額非固定),-0.73,-1.48,9.15,8.16,8.45,-,-,-,8.45
月享安鑫外幣變額年金保險,ACU025,委託國泰投資帳戶-智富全勝(現金撥回)(全權委託帳戶之資產撥回機制來源可能為本金)(撥回率或撥回金額非固定),-0.73,-1.48,9.15,8.16,8.45,-,-,-,8.45
月享安鑫外幣變額年金保險,AFU054,富達美元現金基金,0.3,0.92,1.82,2.64,3.72,8.28,14.13,19.89,35.79
樂盈人生變額年金保險,ABU065,委託聯博投資帳戶-樂活聯年平衡型(新現金撥回)(全權委託帳戶之資產撥回機制來源可能為本金)(撥回率或撥回金額非固定),-1.24,0.92,6.95,4.06,6.03,-,-,-,7.08
樂盈人生變額年金保險,ACT002,國泰台灣貨幣市場基金,0.14,0.42,0.8,1.14,1.53,3.03,4.37,5.77,32.77
樂盈人生變額年金保險,ACU024,委託國泰投資帳戶-智能靈活組合(新現金撥回)(全權委託帳戶之資產撥回機制來源可能為本金)(撥回率或撥回金額非固定),-0.84,0.09,9.4,7.03,9.39,-,-,-,11.67
樂盈人生變額年金保險,AMU078,委託摩根投資帳戶-核心策略收益組合(新現金撥回)(全權委託帳戶之資產撥回機制來源可能為本金)(撥回率或撥回金額非固定),-0.85,0.85,9.36,5.73,8.7,-,-,-,10.97
樂盈人生變額年金保險,BSU068,委託施羅德投資帳戶-進階智慧平衡型(新現金撥回)(全權委託帳戶之資產撥回機制來源可能為本金)(撥回率或撥回金額非固定),0.0,1.68,10.34,7.95,10.38,-,-,-,13.45
樂盈人生外幣變額年金保險,ABU065,委託聯博投資帳戶-樂活聯年平衡型(新現金撥回)(全權委託帳戶之資產撥回機制來源可能為本金)(撥回率或撥回金額非固定),-1.24,0.92,6.95,4.06,6.03,-,-,-,7.08
樂盈人生外幣變額年金保險,ACU024,委託國泰投資帳戶-智能靈活組合(新現金撥回)(全權委託帳戶之資產撥回機制來源可能為本金)(撥回率或撥回金額非固定),-0.84,0.09,9.4,7.03,9.39,-,-,-,11.67
樂盈人生外幣變額年金保險,AFU054,富達美元現金基金,0.3,0.92,1.82,2.64,3.72,8.28,14.13,19.89,35.79
樂盈人生外幣變額年金保險,AMU078,委託摩根投資帳戶-核心策略收益組合(新現金撥回)(全權委託帳戶之資產撥回機制來源可能為本金)(撥回率或撥回金額非固定),-0.85,0.85,9.36,5.73,8.7,-,-,-,10.97
樂盈人生外幣變額年金保險,BSU068,委託施羅德投資帳戶-進階智慧平衡型(新現金撥回)(全權委託帳戶之資產撥回機制來源可能為本金)(撥回率或撥回金額非固定),0.0,1.68,10.34,7.95,10.38,-,-,-,13.45
創世紀變額萬能壽險(甲型)(富利雙享批註),查無資料,查無資料,查無資料,查無資料,查無資料,查無資料,查無資料,查無資料,查無資料,查無資料,查無資料
創世紀變額萬能壽險(甲型)(卓越理財批註)<已停售/暫時停止銷售>,查無資料,查無資料,查無資料,查無資料,查無資料,查無資料,查無資料,查無資料,查無資料,查無資料,查無資料
新創世紀變額萬能壽險(乙型)<已停售/暫時停止銷售>,查無資料,查無資料,查無資料,查無資料,查無資料,查無資料,查無資料,查無資料,查無資料,查無資料,查無資料
(新)創世紀變額萬能壽險(乙型)(富利雙享批註),查無資料,查無資料,查無資料,查無資料,查無資料,查無資料,查無資料,查無資料,查無資料,查無資料,查無資料
(新)創世紀變額萬能壽險(乙型)(卓越理財批註)<已停售/暫時停止銷售>,查無資料,查無資料,查無資料,查無資料,查無資料,查無資料,查無資料,查無資料,查無資料,查無資料,查無資料
(新)飛翔人生變額年金保險(甲型)<已停售/暫時停止銷售>,ACU001,飛翔人生積極投資帳戶,3.72,4.51,11.06,12.52,12.93,25.56,51.28,32.18,148.1
(新)飛翔人生變額年金保險(甲型)<已停售/暫時停止銷售>,ACU002,飛翔人生穩健投資帳戶,-0.1,-0.1,9.84,6.63,9.67,17.22,35.86,20.33,104.2
(新)飛翔人生變額年金保險(甲型)<已停售/暫時停止銷售>,ACU003,飛翔人生保守投資帳戶,-0.58,-3.83,3.84,4.61,6.77,15.84,31.4,16.46,83.64
Young飛揚變額年金保險(甲型、乙型)<已停售/暫時停止銷售>,ABU046,委託聯博投資帳戶─樂活聯年平衡型（現金撥回）(全權委託帳戶之資產撥回機制來源可能為本金)(撥回率或撥回金額非固定),-1.36,0.79,6.62,3.6,5.26,11.91,27.81,12.5,50.99
Young飛揚變額年金保險(甲型、乙型)<已停售/暫時停止銷售>,ACT002,國泰台灣貨幣市場基金,0.14,0.42,0.8,1.14,1.53,3.03,4.37,5.77,32.77
Young飛揚變額年金保險(甲型、乙型)<已停售/暫時停止銷售>,ACU008,委託國泰投資帳戶－智能靈活組合（現金撥回）(全權委託帳戶之資產撥回機制來源可能為本金)(撥回率或撥回金額非固定),-0.9,-0.05,9.19,6.63,8.86,17.39,37.52,16.58,50.97
Young飛揚變額年金保險(甲型、乙型)<已停售/暫時停止銷售>,AMU057,委託摩根投資帳戶─核心策略收益組合（現金撥回）(全權委託帳戶之資產撥回機制來源可能為本金)(撥回率或撥回金額非固定),-0.96,0.58,9.04,5.38,8.22,15.12,35.74,18.41,55.07
Young飛揚變額年金保險(甲型、乙型)<已停售/暫時停止銷售>,BSU045,委託施羅德投資帳戶─進階智慧平衡型（現金撥回）(全權委託帳戶之資產撥回機制來源可能為本金)(撥回率或撥回金額非固定),-0.07,1.52,10.07,7.62,9.84,20.27,40.52,21.18,60.24
Young飛揚外幣變額年金保險(甲型、乙型)<已停售/暫時停止銷售>,ABU046,委託聯博投資帳戶─樂活聯年平衡型（現金撥回）(全權委託帳戶之資產撥回機制來源可能為本金)(撥回率或撥回金額非固定),-1.36,0.79,6.62,3.6,5.26,11.91,27.81,12.5,50.99
Young飛揚外幣變額年金保險(甲型、乙型)<已停售/暫時停止銷售>,ACU008,委託國泰投資帳戶－智能靈活組合（現金撥回）(全權委託帳戶之資產撥回機制來源可能為本金)(撥回率或撥回金額非固定),-0.9,-0.05,9.19,6.63,8.86,17.39,37.52,16.58,50.97
Young飛揚外幣變額年金保險(甲型、乙型)<已停售/暫時停止銷售>,AFU054,富達美元現金基金,0.3,0.92,1.82,2.64,3.72,8.28,14.13,19.89,35.79
Young飛揚外幣變額年金保險(甲型、乙型)<已停售/暫時停止銷售>,AMU057,委託摩根投資帳戶─核心策略收益組合（現金撥回）(全權委託帳戶之資產撥回機制來源可能為本金)(撥回率或撥回金額非固定),-0.96,0.58,9.04,5.38,8.22,15.12,35.74,18.41,55.07
Young飛揚外幣變額年金保險(甲型、乙型)<已停售/暫時停止銷售>,BSU045,委託施羅德投資帳戶─進階智慧平衡型（現金撥回）(全權委託帳戶之資產撥回機制來源可能為本金)(撥回率或撥回金額非固定),-0.07,1.52,10.07,7.62,9.84,20.27,40.52,21.18,60.24
鑫飛揚變額年金保險<已停售/暫時停止銷售>,ABU057,委託聯博投資帳戶－樂活聯年平衡型（現金及單位撥回POWER）(全權委託帳戶之資產撥回機制來源可能為本金)(撥回率或撥回金額非固定),-1.22,0.94,6.96,4.05,5.79,12.96,29.36,14.26,12.89
鑫飛揚變額年金保險<已停售/暫時停止銷售>,ACT002,國泰台灣貨幣市場基金,0.14,0.42,0.8,1.14,1.53,3.03,4.37,5.77,32.77
鑫飛揚變額年金保險<已停售/暫時停止銷售>,ACU017,委託國泰投資帳戶－智能靈活組合（現金及單位撥回POWER）(全權委託帳戶之資產撥回機制來源可能為本金)(撥回率或撥回金額非固定),-0.84,0.07,9.44,7.01,9.39,18.42,39.51,19.78,18.46
鑫飛揚變額年金保險<已停售/暫時停止銷售>,AMU068,委託摩根投資帳戶─核心策略收益組合（現金及單位撥回POWER）(全權委託帳戶之資產撥回機制來源可能為本金)(撥回率或撥回金額非固定),-0.84,0.87,9.39,5.77,8.77,16.28,37.65,20.88,20.39
鑫飛揚變額年金保險<已停售/暫時停止銷售>,BSU057,委託施羅德投資帳戶─進階智慧平衡型（現金及單位撥回POWER）(全權委託帳戶之資產撥回機制來源可能為本金)(撥回率或撥回金額非固定),-0.04,1.65,10.41,8.0,10.46,21.45,42.55,23.78,22.18
鑫飛揚外幣變額年金保險<已停售/暫時停止銷售>,ABU057,委託聯博投資帳戶－樂活聯年平衡型（現金及單位撥回POWER）(全權委託帳戶之資產撥回機制來源可能為本金)(撥回率或撥回金額非固定),-1.22,0.94,6.96,4.05,5.79,12.96,29.36,14.26,12.89
鑫飛揚外幣變額年金保險<已停售/暫時停止銷售>,ACU017,委託國泰投資帳戶－智能靈活組合（現金及單位撥回POWER）(全權委託帳戶之資產撥回機制來源可能為本金)(撥回率或撥回金額非固定),-0.84,0.07,9.44,7.01,9.39,18.42,39.51,19.78,18.46
鑫飛揚外幣變額年金保險<已停售/暫時停止銷售>,AFU054,富達美元現金基金,0.3,0.92,1.82,2.64,3.72,8.28,14.13,19.89,35.79
鑫飛揚外幣變額年金保險<已停售/暫時停止銷售>,AMU068,委託摩根投資帳戶─核心策略收益組合（現金及單位撥回POWER）(全權委託帳戶之資產撥回機制來源可能為本金)(撥回率或撥回金額非固定),-0.84,0.87,9.39,5.77,8.77,16.28,37.65,20.88,20.39
鑫飛揚外幣變額年金保險<已停售/暫時停止銷售>,BSU057,委託施羅德投資帳戶─進階智慧平衡型（現金及單位撥回POWER）(全權委託帳戶之資產撥回機制來源可能為本金)(撥回率或撥回金額非固定),-0.04,1.65,10.41,8.0,10.46,21.45,42.55,23.78,22.18
(超)月月穩利變額壽險<已停售/暫時停止銷售>,ABU058,委託聯博投資帳戶－雙重防護型（現金撥回PLUS）(全權委託帳戶之資產撥回機制來源可能為本金)(撥回率或撥回金額非固定),-0.74,0.75,7.77,5.16,6.96,14.06,32.83,-,20.8
(超)月月穩利變額壽險<已停售/暫時停止銷售>,ACT002,國泰台灣貨幣市場基金,0.14,0.42,0.8,1.14,1.53,3.03,4.37,5.77,32.77
(超)月月穩利變額壽險<已停售/暫時停止銷售>,ACU018,委託國泰投資帳戶－ＨＥＲＯ成長趨勢組合（現金撥回PLUS）(全權委託帳戶之資產撥回機制來源可能為本金)(撥回率或撥回金額非固定),0.05,-1.58,10.29,10.03,11.99,22.75,41.53,-,24.9
(超)月月穩利變額壽險<已停售/暫時停止銷售>,AFU056,富達美元現金基金,0.3,0.92,1.82,2.64,3.72,8.28,14.13,19.89,35.79
(超)月月穩利變額壽險<已停售/暫時停止銷售>,AMU061,委託摩根投資帳戶─多重幸福 (現金撥回)(全權委託帳戶之資產撥回機制來源可能為本金)(撥回率或撥回金額非固定),-0.27,0.89,9.84,6.79,9.58,18.18,39.78,20.13,47.65
(超)月月穩利變額壽險<已停售/暫時停止銷售>,BRU027,貝萊德美元儲備基金,0.25,0.82,1.65,2.39,3.41,7.65,13.18,18.6,-
(超)月月穩利變額壽險<已停售/暫時停止銷售>,BSU058,委託施羅德投資帳戶─強積金成長型（現金撥回）(全權委託帳戶之資產撥回機制來源可能為本金)(撥回率或撥回金額非固定),0.24,1.75,12.93,11.39,14.3,28.51,50.75,-,37.6
(超)月月穩利外幣變額壽險<已停售/暫時停止銷售>,ABU058,委託聯博投資帳戶－雙重防護型（現金撥回PLUS）(全權委託帳戶之資產撥回機制來源可能為本金)(撥回率或撥回金額非固定),-0.74,0.75,7.77,5.16,6.96,14.06,32.83,-,20.8
(超)月月穩利外幣變額壽險<已停售/暫時停止銷售>,ACU018,委託國泰投資帳戶－ＨＥＲＯ成長趨勢組合（現金撥回PLUS）(全權委託帳戶之資產撥回機制來源可能為本金)(撥回率或撥回金額非固定),0.05,-1.58,10.29,10.03,11.99,22.75,41.53,-,24.9
(超)月月穩利外幣變額壽險<已停售/暫時停止銷售>,AFU054,富達美元現金基金,0.3,0.92,1.82,2.64,3.72,8.28,14.13,19.89,35.79
(超)月月穩利外幣變額壽險<已停售/暫時停止銷售>,AFU056,富達美元現金基金,0.3,0.92,1.82,2.64,3.72,8.28,14.13,19.89,35.79
(超)月月穩利外幣變額壽險<已停售/暫時停止銷售>,AMU061,委託摩根投資帳戶─多重幸福 (現金撥回)(全權委託帳戶之資產撥回機制來源可能為本金)(撥回率或撥回金額非固定),-0.27,0.89,9.84,6.79,9.58,18.18,39.78,20.13,47.65
(超)月月穩利外幣變額壽險<已停售/暫時停止銷售>,BRU027,貝萊德美元儲備基金,0.25,0.82,1.65,2.39,3.41,7.65,13.18,18.6,-
(超)月月穩利外幣變額壽險<已停售/暫時停止銷售>,BSU058,委託施羅德投資帳戶─強積金成長型（現金撥回）(全權委託帳戶之資產撥回機制來源可能為本金)(撥回率或撥回金額非固定),0.24,1.75,12.93,11.39,14.3,28.51,50.75,-,37.6
月享樂退變額年金保險<已停售/暫時停止銷售>,ACU014,委託國泰投資帳戶－ＧＰＳ穩健領航組合（累積型）,-0.91,0.33,8.48,11.75,13.41,20.6,40.02,23.54,52.2
月享樂退變額年金保險<已停售/暫時停止銷售>,AFU056,富達美元現金基金,0.3,0.92,1.82,2.64,3.72,8.28,14.13,19.89,35.79
月享樂退變額年金保險<已停售/暫時停止銷售>,BRU027,貝萊德美元儲備基金,0.25,0.82,1.65,2.39,3.41,7.65,13.18,18.6,-
月享樂退變額年金保險<已停售/暫時停止銷售>,BRU067,委託貝萊德投資帳戶－鑫安穩健型（累積型）,0.18,0.36,9.82,7.58,10.76,21.79,45.89,35.8,68.8
(真)(新)富世紀變額壽險(甲型)<已停售/暫時停止銷售>,查無資料,查無資料,查無資料,查無資料,查無資料,查無資料,查無資料,查無資料,查無資料,查無資料,查無資料
飛揚享退變額年金保險(甲型、乙型)<已停售/暫時停止銷售>,ABU046,委託聯博投資帳戶─樂活聯年平衡型（現金撥回）(全權委託帳戶之資產撥回機制來源可能為本金)(撥回率或撥回金額非固定),-1.36,0.79,6.62,3.6,5.26,11.91,27.81,12.5,50.99
飛揚享退變額年金保險(甲型、乙型)<已停售/暫時停止銷售>,ACT002,國泰台灣貨幣市場基金,0.14,0.42,0.8,1.14,1.53,3.03,4.37,5.77,32.77
飛揚享退變額年金保險(甲型、乙型)<已停售/暫時停止銷售>,ACU008,委託國泰投資帳戶－智能靈活組合（現金撥回）(全權委託帳戶之資產撥回機制來源可能為本金)(撥回率或撥回金額非固定),-0.9,-0.05,9.19,6.63,8.86,17.39,37.52,16.58,50.97
飛揚享退變額年金保險(甲型、乙型)<已停售/暫時停止銷售>,AMU057,委託摩根投資帳戶─核心策略收益組合（現金撥回）(全權委託帳戶之資產撥回機制來源可能為本金)(撥回率或撥回金額非固定),-0.96,0.58,9.04,5.38,8.22,15.12,35.74,18.41,55.07
飛揚享退變額年金保險(甲型、乙型)<已停售/暫時停止銷售>,BSU045,委託施羅德投資帳戶─進階智慧平衡型（現金撥回）(全權委託帳戶之資產撥回機制來源可能為本金)(撥回率或撥回金額非固定),-0.07,1.52,10.07,7.62,9.84,20.27,40.52,21.18,60.24
(真)(新)富利雙享變額壽險<已停售/暫時停止銷售>,查無資料,查無資料,查無資料,查無資料,查無資料,查無資料,查無資料,查無資料,查無資料,查無資料,查無資料
(超)(新)富利雙享外幣變額年金保險<已停售/暫時停止銷售>,查無資料,查無資料,查無資料,查無資料,查無資料,查無資料,查無資料,查無資料,查無資料,查無資料,查無資料
富世紀變額萬能壽險(乙型)<已停售/暫時停止銷售>,查無資料,查無資料,查無資料,查無資料,查無資料,查無資料,查無資料,查無資料,查無資料,查無資料,查無資料
(真)月月Walker變額萬能壽險<已停售/暫時停止銷售>,ABU051,委託聯博投資帳戶－雙重防護型（現金撥回）(全權委託帳戶之資產撥回機制來源可能為本金)(撥回率或撥回金額非固定),-0.83,0.64,7.79,5.17,6.86,14.09,32.75,14.35,35.65
(真)月月Walker變額萬能壽險<已停售/暫時停止銷售>,ABU052,委託聯博投資帳戶－雙重防護型（單位撥回）(全權委託帳戶之資產撥回機制來源可能為本金)(撥回率或撥回金額非固定),-0.83,0.64,7.79,5.17,6.86,14.09,32.75,14.35,35.65
(真)月月Walker變額萬能壽險<已停售/暫時停止銷售>,ACT002,國泰台灣貨幣市場基金,0.14,0.42,0.8,1.14,1.53,3.03,4.37,5.77,32.77
(真)月月Walker變額萬能壽險<已停售/暫時停止銷售>,ACU010,委託國泰投資帳戶－ＨＥＲＯ成長趨勢組合（現金撥回）(全權委託帳戶之資產撥回機制來源可能為本金)(撥回率或撥回金額非固定),0.05,-1.61,10.28,10.11,11.97,22.74,41.57,15.75,41.65
(真)月月Walker變額萬能壽險<已停售/暫時停止銷售>,ACU011,委託國泰投資帳戶－ＨＥＲＯ成長趨勢組合（單位撥回）(全權委託帳戶之資產撥回機制來源可能為本金)(撥回率或撥回金額非固定),0.05,-1.61,10.28,10.11,11.97,22.74,41.57,15.75,43.1
(真)月月Walker變額萬能壽險<已停售/暫時停止銷售>,AFU056,富達美元現金基金,0.3,0.92,1.82,2.64,3.72,8.28,14.13,19.89,35.79
(真)月月Walker變額萬能壽險<已停售/暫時停止銷售>,AMU061,委託摩根投資帳戶─多重幸福 (現金撥回)(全權委託帳戶之資產撥回機制來源可能為本金)(撥回率或撥回金額非固定),-0.27,0.89,9.84,6.79,9.58,18.18,39.78,20.13,47.65
(真)月月Walker變額萬能壽險<已停售/暫時停止銷售>,AMU062,委託摩根投資帳戶─多重幸福 (單位撥回)(全權委託帳戶之資產撥回機制來源可能為本金)(撥回率或撥回金額非固定),-0.27,0.89,9.84,6.79,9.58,18.18,39.78,20.13,47.65
(真)月月Walker變額萬能壽險<已停售/暫時停止銷售>,AWU017,委託安聯投資帳戶－智慧收益組合（現金撥回）(全權委託帳戶之資產撥回機制來源可能為本金)(撥回率或撥回金額非固定),-0.25,0.87,9.42,7.17,11.11,23.06,42.27,23.88,31.75
(真)月月Walker變額萬能壽險<已停售/暫時停止銷售>,AWU018,委託安聯投資帳戶─智慧收益組合（單位撥回）(全權委託帳戶之資產撥回機制來源可能為本金)(撥回率或撥回金額非固定),-0.25,0.87,9.42,7.17,11.11,23.06,42.27,23.88,31.75
(真)月月Walker變額萬能壽險<已停售/暫時停止銷售>,BRU027,貝萊德美元儲備基金,0.25,0.82,1.65,2.39,3.41,7.65,13.18,18.6,-
(真)月月Walker變額萬能壽險<已停售/暫時停止銷售>,BSU047,委託施羅德投資帳戶－全球多元主動管理型（現金撥回）(全權委託帳戶之資產撥回機制來源可能為本金)(撥回率或撥回金額非固定),-0.09,2.61,13.62,11.68,15.01,29.15,49.35,26.77,46.95
(真)月月Walker變額萬能壽險<已停售/暫時停止銷售>,BSU048,委託施羅德投資帳戶－全球多元主動管理型（單位撥回）(全權委託帳戶之資產撥回機制來源可能為本金)(撥回率或撥回金額非固定),-0.09,2.61,13.62,11.68,15.01,29.15,49.35,26.77,46.95
Walker有利變額年金保險<已停售/暫時停止銷售>,ACT002,國泰台灣貨幣市場基金,0.14,0.42,0.8,1.14,1.53,3.03,4.37,5.77,32.77
Walker有利變額年金保險<已停售/暫時停止銷售>,ACU013,委託國泰投資帳戶－ＴＯＰ收益抗震組合（現金撥回）(全權委託帳戶之資產撥回機制來源可能為本金)(撥回率或撥回金額非固定),-0.47,0.33,9.62,7.51,10.37,20.49,41.24,17.45,48.26
Walker有利變額年金保險<已停售/暫時停止銷售>,AFU056,富達美元現金基金,0.3,0.92,1.82,2.64,3.72,8.28,14.13,19.89,35.79
Walker有利變額年金保險<已停售/暫時停止銷售>,BRU027,貝萊德美元儲備基金,0.25,0.82,1.65,2.39,3.41,7.65,13.18,18.6,-
Walker有利變額年金保險<已停售/暫時停止銷售>,BRU066,委託貝萊德投資帳戶－鑫利收益型（現金撥回）(全權委託帳戶之資產撥回機制來源可能為本金)(撥回率或撥回金額非固定),0.13,0.23,9.53,7.2,10.07,21.01,43.07,27.73,54.04
月月利Hi變額年金保險〔中華電信專屬商品〕<已停售/暫時停止銷售>,ABU051,委託聯博投資帳戶－雙重防護型（現金撥回）(全權委託帳戶之資產撥回機制來源可能為本金)(撥回率或撥回金額非固定),-0.83,0.64,7.79,5.17,6.86,14.09,32.75,14.35,35.65
月月利Hi變額年金保險〔中華電信專屬商品〕<已停售/暫時停止銷售>,ABU052,委託聯博投資帳戶－雙重防護型（單位撥回）(全權委託帳戶之資產撥回機制來源可能為本金)(撥回率或撥回金額非固定),-0.83,0.64,7.79,5.17,6.86,14.09,32.75,14.35,35.65
月月利Hi變額年金保險〔中華電信專屬商品〕<已停售/暫時停止銷售>,ACT002,國泰台灣貨幣市場基金,0.14,0.42,0.8,1.14,1.53,3.03,4.37,5.77,32.77
月月利Hi變額年金保險〔中華電信專屬商品〕<已停售/暫時停止銷售>,ACU010,委託國泰投資帳戶－ＨＥＲＯ成長趨勢組合（現金撥回）(全權委託帳戶之資產撥回機制來源可能為本金)(撥回率或撥回金額非固定),0.05,-1.61,10.28,10.11,11.97,22.74,41.57,15.75,41.65
月月利Hi變額年金保險〔中華電信專屬商品〕<已停售/暫時停止銷售>,ACU011,委託國泰投資帳戶－ＨＥＲＯ成長趨勢組合（單位撥回）(全權委託帳戶之資產撥回機制來源可能為本金)(撥回率或撥回金額非固定),0.05,-1.61,10.28,10.11,11.97,22.74,41.57,15.75,43.1
月月利Hi變額年金保險〔中華電信專屬商品〕<已停售/暫時停止銷售>,AFU056,富達美元現金基金,0.3,0.92,1.82,2.64,3.72,8.28,14.13,19.89,35.79
月月利Hi變額年金保險〔中華電信專屬商品〕<已停售/暫時停止銷售>,AMU061,委託摩根投資帳戶─多重幸福 (現金撥回)(全權委託帳戶之資產撥回機制來源可能為本金)(撥回率或撥回金額非固定),-0.27,0.89,9.84,6.79,9.58,18.18,39.78,20.13,47.65
月月利Hi變額年金保險〔中華電信專屬商品〕<已停售/暫時停止銷售>,AMU062,委託摩根投資帳戶─多重幸福 (單位撥回)(全權委託帳戶之資產撥回機制來源可能為本金)(撥回率或撥回金額非固定),-0.27,0.89,9.84,6.79,9.58,18.18,39.78,20.13,47.65
月月利Hi變額年金保險〔中華電信專屬商品〕<已停售/暫時停止銷售>,AWU017,委託安聯投資帳戶－智慧收益組合（現金撥回）(全權委託帳戶之資產撥回機制來源可能為本金)(撥回率或撥回金額非固定),-0.25,0.87,9.42,7.17,11.11,23.06,42.27,23.88,31.75
月月利Hi變額年金保險〔中華電信專屬商品〕<已停售/暫時停止銷售>,AWU018,委託安聯投資帳戶─智慧收益組合（單位撥回）(全權委託帳戶之資產撥回機制來源可能為本金)(撥回率或撥回金額非固定),-0.25,0.87,9.42,7.17,11.11,23.06,42.27,23.88,31.75
月月利Hi變額年金保險〔中華電信專屬商品〕<已停售/暫時停止銷售>,BRU027,貝萊德美元儲備基金,0.25,0.82,1.65,2.39,3.41,7.65,13.18,18.6,-
月月利Hi變額年金保險〔中華電信專屬商品〕<已停售/暫時停止銷售>,BSU047,委託施羅德投資帳戶－全球多元主動管理型（現金撥回）(全權委託帳戶之資產撥回機制來源可能為本金)(撥回率或撥回金額非固定),-0.09,2.61,13.62,11.68,15.01,29.15,49.35,26.77,46.95
月月利Hi變額年金保險〔中華電信專屬商品〕<已停售/暫時停止銷售>,BSU048,委託施羅德投資帳戶－全球多元主動管理型（單位撥回）(全權委託帳戶之資產撥回機制來源可能為本金)(撥回率或撥回金額非固定),-0.09,2.61,13.62,11.68,15.01,29.15,49.35,26.77,46.95
闔購愛變額萬能壽險(無貨幣批註)<已停售/暫時停止銷售>,ABU038,委託聯博投資帳戶－全球成長收益型(全權委託帳戶之資產撥回機制來源可能為本金)(撥回率或撥回金額非固定),-0.72,1.12,9.2,6.64,8.95,17.46,37.47,17.43,52.77
闔購愛變額萬能壽險(無貨幣批註)<已停售/暫時停止銷售>,ABU041,委託聯博投資帳戶－全球成長收益型（單位撥回）(全權委託帳戶之資產撥回機制來源可能為本金)(撥回率或撥回金額非固定),-0.72,1.12,9.2,6.64,8.95,17.46,37.47,17.43,59.13
闔購愛變額萬能壽險(無貨幣批註)<已停售/暫時停止銷售>,ACT002,國泰台灣貨幣市場基金,0.14,0.42,0.8,1.14,1.53,3.03,4.37,5.77,32.77
闔購愛變額萬能壽險(無貨幣批註)<已停售/暫時停止銷售>,ACU007,委託國泰投資帳戶－ＶＩＰ多元收益組合（現金撥回）(全權委託帳戶之資產撥回機制來源可能為本金)(撥回率或撥回金額非固定),-0.2,-0.93,11.73,11.85,13.63,25.72,48.69,25.14,71.12
闔購愛變額萬能壽險(無貨幣批註)<已停售/暫時停止銷售>,ACU009,委託國泰投資帳戶－ＶＩＰ多元收益組合（單位撥回）(全權委託帳戶之資產撥回機制來源可能為本金)(撥回率或撥回金額非固定),-0.2,-0.93,11.73,11.85,13.63,25.72,48.69,25.14,57.07
闔購愛變額萬能壽險(無貨幣批註)<已停售/暫時停止銷售>,AMU051,委託摩根投資帳戶─多重趨勢收益組合(現金撥回)(全權委託帳戶之資產撥回機制來源可能為本金)(撥回率或撥回金額非固定),-0.08,1.44,11.47,7.95,10.94,20.04,43.14,22.7,67.01
闔購愛變額萬能壽險(無貨幣批註)<已停售/暫時停止銷售>,AMU059,委託摩根投資帳戶─多重趨勢收益組合（單位撥回）(全權委託帳戶之資產撥回機制來源可能為本金)(撥回率或撥回金額非固定),-0.08,1.44,11.47,7.95,10.94,20.04,43.14,22.7,57.36
闔購愛變額萬能壽險(無貨幣批註)<已停售/暫時停止銷售>,BSU039,委託施羅德投資帳戶─多元資產成長增值型（現金撥回）(全權委託帳戶之資產撥回機制來源可能為本金)(撥回率或撥回金額非固定),0.33,1.08,12.4,10.93,14.06,26.86,48.61,27.29,51.79
闔購愛變額萬能壽險(無貨幣批註)<已停售/暫時停止銷售>,BSU040,委託施羅德投資帳戶─多元資產成長增值型（單位撥回）(全權委託帳戶之資產撥回機制來源可能為本金)(撥回率或撥回金額非固定),0.33,1.08,12.4,10.93,14.06,26.86,48.61,27.29,51.79
(真)闔購愛變額萬能壽險<已停售/暫時停止銷售>,ABU038,委託聯博投資帳戶－全球成長收益型(全權委託帳戶之資產撥回機制來源可能為本金)(撥回率或撥回金額非固定),-0.72,1.12,9.2,6.64,8.95,17.46,37.47,17.43,52.77
(真)闔購愛變額萬能壽險<已停售/暫時停止銷售>,ABU041,委託聯博投資帳戶－全球成長收益型（單位撥回）(全權委託帳戶之資產撥回機制來源可能為本金)(撥回率或撥回金額非固定),-0.72,1.12,9.2,6.64,8.95,17.46,37.47,17.43,59.13
(真)闔購愛變額萬能壽險<已停售/暫時停止銷售>,ACT002,國泰台灣貨幣市場基金,0.14,0.42,0.8,1.14,1.53,3.03,4.37,5.77,32.77
(真)闔購愛變額萬能壽險<已停售/暫時停止銷售>,ACU007,委託國泰投資帳戶－ＶＩＰ多元收益組合（現金撥回）(全權委託帳戶之資產撥回機制來源可能為本金)(撥回率或撥回金額非固定),-0.2,-0.93,11.73,11.85,13.63,25.72,48.69,25.14,71.12
(真)闔購愛變額萬能壽險<已停售/暫時停止銷售>,ACU009,委託國泰投資帳戶－ＶＩＰ多元收益組合（單位撥回）(全權委託帳戶之資產撥回機制來源可能為本金)(撥回率或撥回金額非固定),-0.2,-0.93,11.73,11.85,13.63,25.72,48.69,25.14,57.07
(真)闔購愛變額萬能壽險<已停售/暫時停止銷售>,AFU056,富達美元現金基金,0.3,0.92,1.82,2.64,3.72,8.28,14.13,19.89,35.79
(真)闔購愛變額萬能壽險<已停售/暫時停止銷售>,AMU051,委託摩根投資帳戶─多重趨勢收益組合(現金撥回)(全權委託帳戶之資產撥回機制來源可能為本金)(撥回率或撥回金額非固定),-0.08,1.44,11.47,7.95,10.94,20.04,43.14,22.7,67.01
(真)闔購愛變額萬能壽險<已停售/暫時停止銷售>,AMU059,委託摩根投資帳戶─多重趨勢收益組合（單位撥回）(全權委託帳戶之資產撥回機制來源可能為本金)(撥回率或撥回金額非固定),-0.08,1.44,11.47,7.95,10.94,20.04,43.14,22.7,57.36
(真)闔購愛變額萬能壽險<已停售/暫時停止銷售>,BRU027,貝萊德美元儲備基金,0.25,0.82,1.65,2.39,3.41,7.65,13.18,18.6,-
(真)闔購愛變額萬能壽險<已停售/暫時停止銷售>,BSU039,委託施羅德投資帳戶─多元資產成長增值型（現金撥回）(全權委託帳戶之資產撥回機制來源可能為本金)(撥回率或撥回金額非固定),0.33,1.08,12.4,10.93,14.06,26.86,48.61,27.29,51.79
(真)闔購愛變額萬能壽險<已停售/暫時停止銷售>,BSU040,委託施羅德投資帳戶─多元資產成長增值型（單位撥回）(全權委託帳戶之資產撥回機制來源可能為本金)(撥回率或撥回金額非固定),0.33,1.08,12.4,10.93,14.06,26.86,48.61,27.29,51.79
(真)月月飛揚變額壽險<已停售/暫時停止銷售>,ABU046,委託聯博投資帳戶─樂活聯年平衡型（現金撥回）(全權委託帳戶之資產撥回機制來源可能為本金)(撥回率或撥回金額非固定),-1.36,0.79,6.62,3.6,5.26,11.91,27.81,12.5,50.99
(真)月月飛揚變額壽險<已停售/暫時停止銷售>,ACT002,國泰台灣貨幣市場基金,0.14,0.42,0.8,1.14,1.53,3.03,4.37,5.77,32.77
(真)月月飛揚變額壽險<已停售/暫時停止銷售>,ACU008,委託國泰投資帳戶－智能靈活組合（現金撥回）(全權委託帳戶之資產撥回機制來源可能為本金)(撥回率或撥回金額非固定),-0.9,-0.05,9.19,6.63,8.86,17.39,37.52,16.58,50.97
(真)月月飛揚變額壽險<已停售/暫時停止銷售>,AFU056,富達美元現金基金,0.3,0.92,1.82,2.64,3.72,8.28,14.13,19.89,35.79
(真)月月飛揚變額壽險<已停售/暫時停止銷售>,AMU057,委託摩根投資帳戶─核心策略收益組合（現金撥回）(全權委託帳戶之資產撥回機制來源可能為本金)(撥回率或撥回金額非固定),-0.96,0.58,9.04,5.38,8.22,15.12,35.74,18.41,55.07
(真)月月飛揚變額壽險<已停售/暫時停止銷售>,BRU027,貝萊德美元儲備基金,0.25,0.82,1.65,2.39,3.41,7.65,13.18,18.6,-
(真)月月飛揚變額壽險<已停售/暫時停止銷售>,BSU045,委託施羅德投資帳戶─進階智慧平衡型（現金撥回）(全權委託帳戶之資產撥回機制來源可能為本金)(撥回率或撥回金額非固定),-0.07,1.52,10.07,7.62,9.84,20.27,40.52,21.18,60.24
(超)(真)月月有利變額壽險<已停售/暫時停止銷售>,ABU038,委託聯博投資帳戶－全球成長收益型(全權委託帳戶之資產撥回機制來源可能為本金)(撥回率或撥回金額非固定),-0.72,1.12,9.2,6.64,8.95,17.46,37.47,17.43,52.77
(超)(真)月月有利變額壽險<已停售/暫時停止銷售>,ABU041,委託聯博投資帳戶－全球成長收益型（單位撥回）(全權委託帳戶之資產撥回機制來源可能為本金)(撥回率或撥回金額非固定),-0.72,1.12,9.2,6.64,8.95,17.46,37.47,17.43,59.13
(超)(真)月月有利變額壽險<已停售/暫時停止銷售>,ACT002,國泰台灣貨幣市場基金,0.14,0.42,0.8,1.14,1.53,3.03,4.37,5.77,32.77
(超)(真)月月有利變額壽險<已停售/暫時停止銷售>,ACU007,委託國泰投資帳戶－ＶＩＰ多元收益組合（現金撥回）(全權委託帳戶之資產撥回機制來源可能為本金)(撥回率或撥回金額非固定),-0.2,-0.93,11.73,11.85,13.63,25.72,48.69,25.14,71.12
(超)(真)月月有利變額壽險<已停售/暫時停止銷售>,ACU009,委託國泰投資帳戶－ＶＩＰ多元收益組合（單位撥回）(全權委託帳戶之資產撥回機制來源可能為本金)(撥回率或撥回金額非固定),-0.2,-0.93,11.73,11.85,13.63,25.72,48.69,25.14,57.07
(超)(真)月月有利變額壽險<已停售/暫時停止銷售>,AFU056,富達美元現金基金,0.3,0.92,1.82,2.64,3.72,8.28,14.13,19.89,35.79
(超)(真)月月有利變額壽險<已停售/暫時停止銷售>,AMU051,委託摩根投資帳戶─多重趨勢收益組合(現金撥回)(全權委託帳戶之資產撥回機制來源可能為本金)(撥回率或撥回金額非固定),-0.08,1.44,11.47,7.95,10.94,20.04,43.14,22.7,67.01
(超)(真)月月有利變額壽險<已停售/暫時停止銷售>,AMU059,委託摩根投資帳戶─多重趨勢收益組合（單位撥回）(全權委託帳戶之資產撥回機制來源可能為本金)(撥回率或撥回金額非固定),-0.08,1.44,11.47,7.95,10.94,20.04,43.14,22.7,57.36
(超)(真)月月有利變額壽險<已停售/暫時停止銷售>,BRU027,貝萊德美元儲備基金,0.25,0.82,1.65,2.39,3.41,7.65,13.18,18.6,-
(超)(真)月月有利變額壽險<已停售/暫時停止銷售>,BSU039,委託施羅德投資帳戶─多元資產成長增值型（現金撥回）(全權委託帳戶之資產撥回機制來源可能為本金)(撥回率或撥回金額非固定),0.33,1.08,12.4,10.93,14.06,26.86,48.61,27.29,51.79
(超)(真)月月有利變額壽險<已停售/暫時停止銷售>,BSU040,委託施羅德投資帳戶─多元資產成長增值型（單位撥回）(全權委託帳戶之資產撥回機制來源可能為本金)(撥回率或撥回金額非固定),0.33,1.08,12.4,10.93,14.06,26.86,48.61,27.29,51.79
鑫超月月有利變額壽險,ABU060,委託聯博投資帳戶-全球成長收益型(新現金撥回)(全權委託帳戶之資產撥回機制來源可能為本金)(撥回率或撥回金額非固定),-0.83,1.06,9.11,6.59,8.8,16.94,36.35,-,31.72
鑫超月月有利變額壽險,ACT002,國泰台灣貨幣市場基金,0.14,0.42,0.8,1.14,1.53,3.03,4.37,5.77,32.77
鑫超月月有利變額壽險,ACU021,委託國泰投資帳戶-ＶＩＰ多元收益組合(新現金撥回)(全權委託帳戶之資產撥回機制來源可能為本金)(撥回率或撥回金額非固定),-1.24,-1.92,10.66,10.51,12.12,23.3,43.98,-,37.92
鑫超月月有利變額壽險,AFU056,富達美元現金基金,0.3,0.92,1.82,2.64,3.72,8.28,14.13,19.89,35.79
鑫超月月有利變額壽險,AMU074,委託摩根投資帳戶-全球前瞻組合(新現金撥回)(全權委託帳戶之資產撥回機制來源可能為本金)(撥回率或撥回金額非固定),-0.08,1.38,11.33,7.87,10.54,19.12,40.59,-,34.82
鑫超月月有利變額壽險,AWU026,委託安聯投資帳戶-智慧收益組合(新現金撥回)(全權委託帳戶之資產撥回機制來源可能為本金)(撥回率或撥回金額非固定),-0.28,0.82,9.38,6.97,10.59,21.86,40.17,-,34.83
鑫超月月有利變額壽險,BRU027,貝萊德美元儲備基金,0.25,0.82,1.65,2.39,3.41,7.65,13.18,18.6,-
鑫超月月有利變額壽險,BSU065,委託施羅德投資帳戶-多元資產成長增值型(新現金撥回)(全權委託帳戶之資產撥回機制來源可能為本金)(撥回率或撥回金額非固定),0.42,1.07,12.25,10.69,13.61,25.52,46.27,-,39.79
鑫超月月有利外幣變額壽險,ABU060,委託聯博投資帳戶-全球成長收益型(新現金撥回)(全權委託帳戶之資產撥回機制來源可能為本金)(撥回率或撥回金額非固定),-0.83,1.06,9.11,6.59,8.8,16.94,36.35,-,31.72
鑫超月月有利外幣變額壽險,ACU021,委託國泰投資帳戶-ＶＩＰ多元收益組合(新現金撥回)(全權委託帳戶之資產撥回機制來源可能為本金)(撥回率或撥回金額非固定),-1.24,-1.92,10.66,10.51,12.12,23.3,43.98,-,37.92
鑫超月月有利外幣變額壽險,AFU054,富達美元現金基金,0.3,0.92,1.82,2.64,3.72,8.28,14.13,19.89,35.79
鑫超月月有利外幣變額壽險,AFU056,富達美元現金基金,0.3,0.92,1.82,2.64,3.72,8.28,14.13,19.89,35.79
鑫超月月有利外幣變額壽險,AMU074,委託摩根投資帳戶-全球前瞻組合(新現金撥回)(全權委託帳戶之資產撥回機制來源可能為本金)(撥回率或撥回金額非固定),-0.08,1.38,11.33,7.87,10.54,19.12,40.59,-,34.82
鑫超月月有利外幣變額壽險,AWU026,委託安聯投資帳戶-智慧收益組合(新現金撥回)(全權委託帳戶之資產撥回機制來源可能為本金)(撥回率或撥回金額非固定),-0.28,0.82,9.38,6.97,10.59,21.86,40.17,-,34.83
鑫超月月有利外幣變額壽險,BRU027,貝萊德美元儲備基金,0.25,0.82,1.65,2.39,3.41,7.65,13.18,18.6,-
鑫超月月有利外幣變額壽險,BSU065,委託施羅德投資帳戶-多元資產成長增值型(新現金撥回)(全權委託帳戶之資產撥回機制來源可能為本金)(撥回率或撥回金額非固定),0.42,1.07,12.25,10.69,13.61,25.52,46.27,-,39.79
月月有利變額年金保險<已停售/暫時停止銷售>,ABU038,委託聯博投資帳戶－全球成長收益型(全權委託帳戶之資產撥回機制來源可能為本金)(撥回率或撥回金額非固定),-0.72,1.12,9.2,6.64,8.95,17.46,37.47,17.43,52.77
月月有利變額年金保險<已停售/暫時停止銷售>,ABU041,委託聯博投資帳戶－全球成長收益型（單位撥回）(全權委託帳戶之資產撥回機制來源可能為本金)(撥回率或撥回金額非固定),-0.72,1.12,9.2,6.64,8.95,17.46,37.47,17.43,59.13
月月有利變額年金保險<已停售/暫時停止銷售>,ACT002,國泰台灣貨幣市場基金,0.14,0.42,0.8,1.14,1.53,3.03,4.37,5.77,32.77
月月有利變額年金保險<已停售/暫時停止銷售>,ACU007,委託國泰投資帳戶－ＶＩＰ多元收益組合（現金撥回）(全權委託帳戶之資產撥回機制來源可能為本金)(撥回率或撥回金額非固定),-0.2,-0.93,11.73,11.85,13.63,25.72,48.69,25.14,71.12
月月有利變額年金保險<已停售/暫時停止銷售>,ACU009,委託國泰投資帳戶－ＶＩＰ多元收益組合（單位撥回）(全權委託帳戶之資產撥回機制來源可能為本金)(撥回率或撥回金額非固定),-0.2,-0.93,11.73,11.85,13.63,25.72,48.69,25.14,57.07
月月有利變額年金保險<已停售/暫時停止銷售>,AFU056,富達美元現金基金,0.3,0.92,1.82,2.64,3.72,8.28,14.13,19.89,35.79
月月有利變額年金保險<已停售/暫時停止銷售>,AMU051,委託摩根投資帳戶─多重趨勢收益組合(現金撥回)(全權委託帳戶之資產撥回機制來源可能為本金)(撥回率或撥回金額非固定),-0.08,1.44,11.47,7.95,10.94,20.04,43.14,22.7,67.01
月月有利變額年金保險<已停售/暫時停止銷售>,AMU059,委託摩根投資帳戶─多重趨勢收益組合（單位撥回）(全權委託帳戶之資產撥回機制來源可能為本金)(撥回率或撥回金額非固定),-0.08,1.44,11.47,7.95,10.94,20.04,43.14,22.7,57.36
月月有利變額年金保險<已停售/暫時停止銷售>,BRU027,貝萊德美元儲備基金,0.25,0.82,1.65,2.39,3.41,7.65,13.18,18.6,-
月月有利變額年金保險<已停售/暫時停止銷售>,BSU039,委託施羅德投資帳戶─多元資產成長增值型（現金撥回）(全權委託帳戶之資產撥回機制來源可能為本金)(撥回率或撥回金額非固定),0.33,1.08,12.4,10.93,14.06,26.86,48.61,27.29,51.79
月月有利變額年金保險<已停售/暫時停止銷售>,BSU040,委託施羅德投資帳戶─多元資產成長增值型（單位撥回）(全權委託帳戶之資產撥回機制來源可能為本金)(撥回率或撥回金額非固定),0.33,1.08,12.4,10.93,14.06,26.86,48.61,27.29,51.79
享倍愛變額萬能壽險<已停售/暫時停止銷售>,ABU051,委託聯博投資帳戶－雙重防護型（現金撥回）(全權委託帳戶之資產撥回機制來源可能為本金)(撥回率或撥回金額非固定),-0.83,0.64,7.79,5.17,6.86,14.09,32.75,14.35,35.65
享倍愛變額萬能壽險<已停售/暫時停止銷售>,ABU052,委託聯博投資帳戶－雙重防護型（單位撥回）(全權委託帳戶之資產撥回機制來源可能為本金)(撥回率或撥回金額非固定),-0.83,0.64,7.79,5.17,6.86,14.09,32.75,14.35,35.65
享倍愛變額萬能壽險<已停售/暫時停止銷售>,ACT002,國泰台灣貨幣市場基金,0.14,0.42,0.8,1.14,1.53,3.03,4.37,5.77,32.77
享倍愛變額萬能壽險<已停售/暫時停止銷售>,ACU010,委託國泰投資帳戶－ＨＥＲＯ成長趨勢組合（現金撥回）(全權委託帳戶之資產撥回機制來源可能為本金)(撥回率或撥回金額非固定),0.05,-1.61,10.28,10.11,11.97,22.74,41.57,15.75,41.65
享倍愛變額萬能壽險<已停售/暫時停止銷售>,ACU011,委託國泰投資帳戶－ＨＥＲＯ成長趨勢組合（單位撥回）(全權委託帳戶之資產撥回機制來源可能為本金)(撥回率或撥回金額非固定),0.05,-1.61,10.28,10.11,11.97,22.74,41.57,15.75,43.1
享倍愛變額萬能壽險<已停售/暫時停止銷售>,AFU056,富達美元現金基金,0.3,0.92,1.82,2.64,3.72,8.28,14.13,19.89,35.79
享倍愛變額萬能壽險<已停售/暫時停止銷售>,AMU061,委託摩根投資帳戶─多重幸福 (現金撥回)(全權委託帳戶之資產撥回機制來源可能為本金)(撥回率或撥回金額非固定),-0.27,0.89,9.84,6.79,9.58,18.18,39.78,20.13,47.65
享倍愛變額萬能壽險<已停售/暫時停止銷售>,AMU062,委託摩根投資帳戶─多重幸福 (單位撥回)(全權委託帳戶之資產撥回機制來源可能為本金)(撥回率或撥回金額非固定),-0.27,0.89,9.84,6.79,9.58,18.18,39.78,20.13,47.65
享倍愛變額萬能壽險<已停售/暫時停止銷售>,AWU017,委託安聯投資帳戶－智慧收益組合（現金撥回）(全權委託帳戶之資產撥回機制來源可能為本金)(撥回率或撥回金額非固定),-0.25,0.87,9.42,7.17,11.11,23.06,42.27,23.88,31.75
享倍愛變額萬能壽險<已停售/暫時停止銷售>,AWU018,委託安聯投資帳戶─智慧收益組合（單位撥回）(全權委託帳戶之資產撥回機制來源可能為本金)(撥回率或撥回金額非固定),-0.25,0.87,9.42,7.17,11.11,23.06,42.27,23.88,31.75
享倍愛變額萬能壽險<已停售/暫時停止銷售>,BRU027,貝萊德美元儲備基金,0.25,0.82,1.65,2.39,3.41,7.65,13.18,18.6,-
享倍愛變額萬能壽險<已停售/暫時停止銷售>,BSU047,委託施羅德投資帳戶－全球多元主動管理型（現金撥回）(全權委託帳戶之資產撥回機制來源可能為本金)(撥回率或撥回金額非固定),-0.09,2.61,13.62,11.68,15.01,29.15,49.35,26.77,46.95
享倍愛變額萬能壽險<已停售/暫時停止銷售>,BSU048,委託施羅德投資帳戶－全球多元主動管理型（單位撥回）(全權委託帳戶之資產撥回機制來源可能為本金)(撥回率或撥回金額非固定),-0.09,2.61,13.62,11.68,15.01,29.15,49.35,26.77,46.95
月月有利外幣變額年金保險<已停售/暫時停止銷售>,ABU038,委託聯博投資帳戶－全球成長收益型(全權委託帳戶之資產撥回機制來源可能為本金)(撥回率或撥回金額非固定),-0.72,1.12,9.2,6.64,8.95,17.46,37.47,17.43,52.77
月月有利外幣變額年金保險<已停售/暫時停止銷售>,ABU041,委託聯博投資帳戶－全球成長收益型（單位撥回）(全權委託帳戶之資產撥回機制來源可能為本金)(撥回率或撥回金額非固定),-0.72,1.12,9.2,6.64,8.95,17.46,37.47,17.43,59.13
月月有利外幣變額年金保險<已停售/暫時停止銷售>,ACU007,委託國泰投資帳戶－ＶＩＰ多元收益組合（現金撥回）(全權委託帳戶之資產撥回機制來源可能為本金)(撥回率或撥回金額非固定),-0.2,-0.93,11.73,11.85,13.63,25.72,48.69,25.14,71.12
月月有利外幣變額年金保險<已停售/暫時停止銷售>,ACU009,委託國泰投資帳戶－ＶＩＰ多元收益組合（單位撥回）(全權委託帳戶之資產撥回機制來源可能為本金)(撥回率或撥回金額非固定),-0.2,-0.93,11.73,11.85,13.63,25.72,48.69,25.14,57.07
月月有利外幣變額年金保險<已停售/暫時停止銷售>,AFU054,富達美元現金基金,0.3,0.92,1.82,2.64,3.72,8.28,14.13,19.89,35.79
月月有利外幣變額年金保險<已停售/暫時停止銷售>,AFU056,富達美元現金基金,0.3,0.92,1.82,2.64,3.72,8.28,14.13,19.89,35.79
月月有利外幣變額年金保險<已停售/暫時停止銷售>,AMU051,委託摩根投資帳戶─多重趨勢收益組合(現金撥回)(全權委託帳戶之資產撥回機制來源可能為本金)(撥回率或撥回金額非固定),-0.08,1.44,11.47,7.95,10.94,20.04,43.14,22.7,67.01
月月有利外幣變額年金保險<已停售/暫時停止銷售>,AMU059,委託摩根投資帳戶─多重趨勢收益組合（單位撥回）(全權委託帳戶之資產撥回機制來源可能為本金)(撥回率或撥回金額非固定),-0.08,1.44,11.47,7.95,10.94,20.04,43.14,22.7,57.36
月月有利外幣變額年金保險<已停售/暫時停止銷售>,BRU027,貝萊德美元儲備基金,0.25,0.82,1.65,2.39,3.41,7.65,13.18,18.6,-
月月有利外幣變額年金保險<已停售/暫時停止銷售>,BSU039,委託施羅德投資帳戶─多元資產成長增值型（現金撥回）(全權委託帳戶之資產撥回機制來源可能為本金)(撥回率或撥回金額非固定),0.33,1.08,12.4,10.93,14.06,26.86,48.61,27.29,51.79
月月有利外幣變額年金保險<已停售/暫時停止銷售>,BSU040,委託施羅德投資帳戶─多元資產成長增值型（單位撥回）(全權委託帳戶之資產撥回機制來源可能為本金)(撥回率或撥回金額非固定),0.33,1.08,12.4,10.93,14.06,26.86,48.61,27.29,51.79
(超)月享鑫利變額壽險<已停售/暫時停止銷售>,ACT002,國泰台灣貨幣市場基金,0.14,0.42,0.8,1.14,1.53,3.03,4.37,5.77,32.77
(超)月享鑫利變額壽險<已停售/暫時停止銷售>,ACT026,國泰台灣貨幣市場基金,0.14,0.42,0.8,1.14,1.53,3.03,4.37,5.77,32.77
(超)月享鑫利變額壽險<已停售/暫時停止銷售>,ACT041,委託國泰投資帳戶-泰享利台幣投資組合(現金撥回)(全權委託帳戶之資產撥回機制來源可能為本金)(撥回率或撥回金額非固定),3.39,-4.56,28.66,44.26,61.88,81.04,107.61,76.79,90.58
(超)月享鑫利變額壽險<已停售/暫時停止銷售>,ACT042,委託國泰投資帳戶-泰享利台幣投資組合(單位撥回)(全權委託帳戶之資產撥回機制來源可能為本金)(撥回率或撥回金額非固定),3.39,-4.56,28.66,44.26,61.88,81.04,107.61,76.79,90.58
(超)月享鑫利變額年金保險<已停售/暫時停止銷售>,ACT002,國泰台灣貨幣市場基金,0.14,0.42,0.8,1.14,1.53,3.03,4.37,5.77,32.77
(超)月享鑫利變額年金保險<已停售/暫時停止銷售>,ACT026,國泰台灣貨幣市場基金,0.14,0.42,0.8,1.14,1.53,3.03,4.37,5.77,32.77
(超)月享鑫利變額年金保險<已停售/暫時停止銷售>,ACT041,委託國泰投資帳戶-泰享利台幣投資組合(現金撥回)(全權委託帳戶之資產撥回機制來源可能為本金)(撥回率或撥回金額非固定),3.39,-4.56,28.66,44.26,61.88,81.04,107.61,76.79,90.58
(超)月享鑫利變額年金保險<已停售/暫時停止銷售>,ACT042,委託國泰投資帳戶-泰享利台幣投資組合(單位撥回)(全權委託帳戶之資產撥回機制來源可能為本金)(撥回率或撥回金額非固定),3.39,-4.56,28.66,44.26,61.88,81.04,107.61,76.79,90.58
(超)(真)月月享福變額壽險<已停售/暫時停止銷售>,ABU051,委託聯博投資帳戶－雙重防護型（現金撥回）(全權委託帳戶之資產撥回機制來源可能為本金)(撥回率或撥回金額非固定),-0.83,0.64,7.79,5.17,6.86,14.09,32.75,14.35,35.65
(超)(真)月月享福變額壽險<已停售/暫時停止銷售>,ABU052,委託聯博投資帳戶－雙重防護型（單位撥回）(全權委託帳戶之資產撥回機制來源可能為本金)(撥回率或撥回金額非固定),-0.83,0.64,7.79,5.17,6.86,14.09,32.75,14.35,35.65
(超)(真)月月享福變額壽險<已停售/暫時停止銷售>,ACT002,國泰台灣貨幣市場基金,0.14,0.42,0.8,1.14,1.53,3.03,4.37,5.77,32.77
(超)(真)月月享福變額壽險<已停售/暫時停止銷售>,ACU010,委託國泰投資帳戶－ＨＥＲＯ成長趨勢組合（現金撥回）(全權委託帳戶之資產撥回機制來源可能為本金)(撥回率或撥回金額非固定),0.05,-1.61,10.28,10.11,11.97,22.74,41.57,15.75,41.65
(超)(真)月月享福變額壽險<已停售/暫時停止銷售>,ACU011,委託國泰投資帳戶－ＨＥＲＯ成長趨勢組合（單位撥回）(全權委託帳戶之資產撥回機制來源可能為本金)(撥回率或撥回金額非固定),0.05,-1.61,10.28,10.11,11.97,22.74,41.57,15.75,43.1
(超)(真)月月享福變額壽險<已停售/暫時停止銷售>,AFU056,富達美元現金基金,0.3,0.92,1.82,2.64,3.72,8.28,14.13,19.89,35.79
(超)(真)月月享福變額壽險<已停售/暫時停止銷售>,AMU061,委託摩根投資帳戶─多重幸福 (現金撥回)(全權委託帳戶之資產撥回機制來源可能為本金)(撥回率或撥回金額非固定),-0.27,0.89,9.84,6.79,9.58,18.18,39.78,20.13,47.65
(超)(真)月月享福變額壽險<已停售/暫時停止銷售>,AMU062,委託摩根投資帳戶─多重幸福 (單位撥回)(全權委託帳戶之資產撥回機制來源可能為本金)(撥回率或撥回金額非固定),-0.27,0.89,9.84,6.79,9.58,18.18,39.78,20.13,47.65
(超)(真)月月享福變額壽險<已停售/暫時停止銷售>,AWU017,委託安聯投資帳戶－智慧收益組合（現金撥回）(全權委託帳戶之資產撥回機制來源可能為本金)(撥回率或撥回金額非固定),-0.25,0.87,9.42,7.17,11.11,23.06,42.27,23.88,31.75
(超)(真)月月享福變額壽險<已停售/暫時停止銷售>,AWU018,委託安聯投資帳戶─智慧收益組合（單位撥回）(全權委託帳戶之資產撥回機制來源可能為本金)(撥回率或撥回金額非固定),-0.25,0.87,9.42,7.17,11.11,23.06,42.27,23.88,31.75
(超)(真)月月享福變額壽險<已停售/暫時停止銷售>,BRU027,貝萊德美元儲備基金,0.25,0.82,1.65,2.39,3.41,7.65,13.18,18.6,-
(超)(真)月月享福變額壽險<已停售/暫時停止銷售>,BSU047,委託施羅德投資帳戶－全球多元主動管理型（現金撥回）(全權委託帳戶之資產撥回機制來源可能為本金)(撥回率或撥回金額非固定),-0.09,2.61,13.62,11.68,15.01,29.15,49.35,26.77,46.95
(超)(真)月月享福變額壽險<已停售/暫時停止銷售>,BSU048,委託施羅德投資帳戶－全球多元主動管理型（單位撥回）(全權委託帳戶之資產撥回機制來源可能為本金)(撥回率或撥回金額非固定),-0.09,2.61,13.62,11.68,15.01,29.15,49.35,26.77,46.95
(新)集富人生變額年金保險<已停售/暫時停止銷售>,查無資料,查無資料,查無資料,查無資料,查無資料,查無資料,查無資料,查無資料,查無資料,查無資料,查無資料
(新)飛帆人生變額年金保險(甲型)<已停售/暫時停止銷售>,ABU006,聯博美國成長基金,0.65,4.24,19.55,4.44,5.44,21.75,65.1,51.43,1287.42
(新)飛帆人生變額年金保險(甲型)<已停售/暫時停止銷售>,AFU002,富達全球多重機會基金,-3.28,1.25,7.14,0.82,2.77,6.84,19.33,4.35,174.98
(新)飛帆人生變額年金保險(甲型)<已停售/暫時停止銷售>,AMU005,摩根美國複合收益基金 (美元年配),-2.68,-3.77,-2.85,-3.27,-2.07,-0.22,10.49,-5.47,127.66
(新)飛帆人生變額年金保險(甲型)<已停售/暫時停止銷售>,ARU003,霸菱國際債券基金,-4.1,-3.92,-2.51,-2.74,-1.71,-1.27,9.21,-18.22,-
(新)飛帆人生變額年金保險(甲型)<已停售/暫時停止銷售>,AXU004,安盛投資管理環球股票ＱＩ基金,-1.51,2.71,13.51,8.85,14.73,37.58,66.72,62.8,350.3
(新)飛帆人生變額年金保險(甲型)<已停售/暫時停止銷售>,AXU005,安盛投資管理美國股票ＱＩ基金,0.05,4.86,18.91,12.47,15.49,37.96,75.54,70.05,497.9
(新)飛帆人生變額年金保險(甲型)<已停售/暫時停止銷售>,BRU003,貝萊德環球政府債券基金,-1.86,-3.03,-1.57,-2.47,-1.38,0.17,9.52,-7.2,-
(新)飛帆人生變額年金保險(甲型)<已停售/暫時停止銷售>,BRU004,貝萊德環球資產配置基金,-1.5,0.61,8.38,6.03,10.59,22.5,47.41,28.04,604.64
(超)(新)月月享利變額年金保險<已停售/暫時停止銷售>,ABA011,委託聯博投資帳戶－澳幣環球穩健型（現金撥回）(全權委託帳戶之資產撥回機制來源可能為本金)(撥回率或撥回金額非固定),-0.39,0.36,8.45,4.92,6.76,16.45,33.33,15.84,52.74
(超)(新)月月享利變額年金保險<已停售/暫時停止銷售>,ABA015,委託聯博投資帳戶－澳幣環球穩健型（單位撥回）(全權委託帳戶之資產撥回機制來源可能為本金)(撥回率或撥回金額非固定),-0.39,0.36,8.45,4.92,6.76,16.45,33.33,15.84,43.02
(超)(新)月月享利變額年金保險<已停售/暫時停止銷售>,ABU036,委託聯博投資帳戶－全球多元資產收益型（現金撥回）(全權委託帳戶之資產撥回機制來源可能為本金)(撥回率或撥回金額非固定),-0.9,0.97,8.49,6.26,8.61,17.93,38.18,18.87,64.0
(超)(新)月月享利變額年金保險<已停售/暫時停止銷售>,ABU037,委託聯博投資帳戶－全球多元資產收益型（單位撥回）(全權委託帳戶之資產撥回機制來源可能為本金)(撥回率或撥回金額非固定),-0.9,0.97,8.49,6.26,8.61,17.93,38.18,18.87,63.3
(超)(新)月月享利變額年金保險<已停售/暫時停止銷售>,ACA001,委託國泰投資帳戶─澳幣全球收益（現金撥回）(全權委託帳戶之資產撥回機制來源可能為本金)(撥回率或撥回金額非固定),0.02,-3.12,7.75,4.24,6.84,15.56,32.22,9.52,46.44
(超)(新)月月享利變額年金保險<已停售/暫時停止銷售>,ACA002,委託國泰投資帳戶─澳幣全球收益（單位撥回）(全權委託帳戶之資產撥回機制來源可能為本金)(撥回率或撥回金額非固定),0.02,-3.12,7.75,4.24,6.84,15.56,32.22,9.52,40.51
(超)(新)月月享利變額年金保險<已停售/暫時停止銷售>,ACT002,國泰台灣貨幣市場基金,0.14,0.42,0.8,1.14,1.53,3.03,4.37,5.77,32.77
(超)(新)月月享利變額年金保險<已停售/暫時停止銷售>,ACU004,委託國泰投資帳戶─ＳＭＡＲＴ股債平衡型（現金撥回）(全權委託帳戶之資產撥回機制來源可能為本金)(撥回率或撥回金額非固定),-0.54,-0.61,11.03,10.26,12.85,22.78,43.2,21.88,53.11
(超)(新)月月享利變額年金保險<已停售/暫時停止銷售>,ACU005,委託國泰投資帳戶─ＳＭＡＲＴ股債平衡型（單位撥回）(全權委託帳戶之資產撥回機制來源可能為本金)(撥回率或撥回金額非固定),-0.54,-0.61,11.03,10.26,12.85,22.78,43.2,21.88,52.93
(超)(新)月月享利變額年金保險<已停售/暫時停止銷售>,AFU042,委託富達投資帳戶─全天候入息型（現金撥回）(全權委託帳戶之資產撥回機制來源可能為本金)(撥回率或撥回金額非固定),-0.36,2.8,12.66,11.29,14.88,20.17,40.09,18.21,38.02
(超)(新)月月享利變額年金保險<已停售/暫時停止銷售>,AFU043,委託富達投資帳戶─全天候入息型（單位撥回）(全權委託帳戶之資產撥回機制來源可能為本金)(撥回率或撥回金額非固定),-0.36,2.8,12.66,11.29,14.88,20.17,40.09,18.21,41.73
(超)(新)月月享利變額年金保險<已停售/暫時停止銷售>,AFU056,富達美元現金基金,0.3,0.92,1.82,2.64,3.72,8.28,14.13,19.89,35.79
(超)(新)月月享利變額年金保險<已停售/暫時停止銷售>,AMA006,委託摩根投資帳戶─澳幣多重收益組合（現金撥回）(全權委託帳戶之資產撥回機制來源可能為本金)(撥回率或撥回金額非固定),0.41,0.83,9.29,5.74,8.17,17.73,35.62,16.12,47.82
(超)(新)月月享利變額年金保險<已停售/暫時停止銷售>,AMA007,委託摩根投資帳戶─澳幣多重收益組合（單位撥回）(全權委託帳戶之資產撥回機制來源可能為本金)(撥回率或撥回金額非固定),0.41,0.83,9.29,5.74,8.17,17.73,35.62,16.12,47.82
(超)(新)月月享利變額年金保險<已停售/暫時停止銷售>,AMU047,委託摩根投資帳戶─用心收益平衡型（現金撥回）(全權委託帳戶之資產撥回機制來源可能為本金)(撥回率或撥回金額非固定),-0.19,1.07,10.13,7.14,10.1,18.92,39.93,20.1,63.43
(超)(新)月月享利變額年金保險<已停售/暫時停止銷售>,AMU048,委託摩根投資帳戶─用心收益平衡型（單位撥回）(全權委託帳戶之資產撥回機制來源可能為本金)(撥回率或撥回金額非固定),-0.19,1.07,10.13,7.14,10.1,18.92,39.93,20.1,63.38
(超)(新)月月享利變額年金保險<已停售/暫時停止銷售>,BRU027,貝萊德美元儲備基金,0.25,0.82,1.65,2.39,3.41,7.65,13.18,18.6,-
(超)(新)月月享利變額年金保險<已停售/暫時停止銷售>,BSA007,委託施羅德投資帳戶－澳幣雙平衡（現金撥回）(全權委託帳戶之資產撥回機制來源可能為本金)(撥回率或撥回金額非固定),0.91,1.92,15.04,11.37,14.48,29.29,46.8,31.33,58.42
(超)(新)月月享利變額年金保險<已停售/暫時停止銷售>,BSA008,委託施羅德投資帳戶－澳幣雙平衡（單位撥回）(全權委託帳戶之資產撥回機制來源可能為本金)(撥回率或撥回金額非固定),0.91,1.92,15.04,11.37,14.48,29.29,46.8,31.33,58.42
(超)(新)月月享利變額年金保險<已停售/暫時停止銷售>,BSU029,委託施羅德投資帳戶─股債收益平衡（現金撥回）(全權委託帳戶之資產撥回機制來源可能為本金)(撥回率或撥回金額非固定),0.22,1.71,12.57,10.36,13.35,25.32,45.14,24.64,62.51
(超)(新)月月享利變額年金保險<已停售/暫時停止銷售>,BSU036,委託施羅德投資帳戶─股債收益平衡（單位撥回）(全權委託帳戶之資產撥回機制來源可能為本金)(撥回率或撥回金額非固定),0.22,1.71,12.57,10.36,13.35,25.32,45.14,24.64,55.6
簡單愛變額萬能壽險(無貨幣批註)<已停售/暫時停止銷售>,ABU038,委託聯博投資帳戶－全球成長收益型(全權委託帳戶之資產撥回機制來源可能為本金)(撥回率或撥回金額非固定),-0.72,1.12,9.2,6.64,8.95,17.46,37.47,17.43,52.77
簡單愛變額萬能壽險(無貨幣批註)<已停售/暫時停止銷售>,ABU041,委託聯博投資帳戶－全球成長收益型（單位撥回）(全權委託帳戶之資產撥回機制來源可能為本金)(撥回率或撥回金額非固定),-0.72,1.12,9.2,6.64,8.95,17.46,37.47,17.43,59.13
簡單愛變額萬能壽險(無貨幣批註)<已停售/暫時停止銷售>,ACT002,國泰台灣貨幣市場基金,0.14,0.42,0.8,1.14,1.53,3.03,4.37,5.77,32.77
簡單愛變額萬能壽險(無貨幣批註)<已停售/暫時停止銷售>,ACU007,委託國泰投資帳戶－ＶＩＰ多元收益組合（現金撥回）(全權委託帳戶之資產撥回機制來源可能為本金)(撥回率或撥回金額非固定),-0.2,-0.93,11.73,11.85,13.63,25.72,48.69,25.14,71.12
簡單愛變額萬能壽險(無貨幣批註)<已停售/暫時停止銷售>,ACU009,委託國泰投資帳戶－ＶＩＰ多元收益組合（單位撥回）(全權委託帳戶之資產撥回機制來源可能為本金)(撥回率或撥回金額非固定),-0.2,-0.93,11.73,11.85,13.63,25.72,48.69,25.14,57.07
簡單愛變額萬能壽險(無貨幣批註)<已停售/暫時停止銷售>,AMU051,委託摩根投資帳戶─多重趨勢收益組合(現金撥回)(全權委託帳戶之資產撥回機制來源可能為本金)(撥回率或撥回金額非固定),-0.08,1.44,11.47,7.95,10.94,20.04,43.14,22.7,67.01
簡單愛變額萬能壽險(無貨幣批註)<已停售/暫時停止銷售>,AMU059,委託摩根投資帳戶─多重趨勢收益組合（單位撥回）(全權委託帳戶之資產撥回機制來源可能為本金)(撥回率或撥回金額非固定),-0.08,1.44,11.47,7.95,10.94,20.04,43.14,22.7,57.36
簡單愛變額萬能壽險(無貨幣批註)<已停售/暫時停止銷售>,BSU039,委託施羅德投資帳戶─多元資產成長增值型（現金撥回）(全權委託帳戶之資產撥回機制來源可能為本金)(撥回率或撥回金額非固定),0.33,1.08,12.4,10.93,14.06,26.86,48.61,27.29,51.79
簡單愛變額萬能壽險(無貨幣批註)<已停售/暫時停止銷售>,BSU040,委託施羅德投資帳戶─多元資產成長增值型（單位撥回）(全權委託帳戶之資產撥回機制來源可能為本金)(撥回率或撥回金額非固定),0.33,1.08,12.4,10.93,14.06,26.86,48.61,27.29,51.79
(真)簡單愛變額萬能壽險<已停售/暫時停止銷售>,ABU038,委託聯博投資帳戶－全球成長收益型(全權委託帳戶之資產撥回機制來源可能為本金)(撥回率或撥回金額非固定),-0.72,1.12,9.2,6.64,8.95,17.46,37.47,17.43,52.77
(真)簡單愛變額萬能壽險<已停售/暫時停止銷售>,ABU041,委託聯博投資帳戶－全球成長收益型（單位撥回）(全權委託帳戶之資產撥回機制來源可能為本金)(撥回率或撥回金額非固定),-0.72,1.12,9.2,6.64,8.95,17.46,37.47,17.43,59.13
(真)簡單愛變額萬能壽險<已停售/暫時停止銷售>,ACT002,國泰台灣貨幣市場基金,0.14,0.42,0.8,1.14,1.53,3.03,4.37,5.77,32.77
(真)簡單愛變額萬能壽險<已停售/暫時停止銷售>,ACU007,委託國泰投資帳戶－ＶＩＰ多元收益組合（現金撥回）(全權委託帳戶之資產撥回機制來源可能為本金)(撥回率或撥回金額非固定),-0.2,-0.93,11.73,11.85,13.63,25.72,48.69,25.14,71.12
(真)簡單愛變額萬能壽險<已停售/暫時停止銷售>,ACU009,委託國泰投資帳戶－ＶＩＰ多元收益組合（單位撥回）(全權委託帳戶之資產撥回機制來源可能為本金)(撥回率或撥回金額非固定),-0.2,-0.93,11.73,11.85,13.63,25.72,48.69,25.14,57.07
(真)簡單愛變額萬能壽險<已停售/暫時停止銷售>,AFU056,富達美元現金基金,0.3,0.92,1.82,2.64,3.72,8.28,14.13,19.89,35.79
(真)簡單愛變額萬能壽險<已停售/暫時停止銷售>,AMU051,委託摩根投資帳戶─多重趨勢收益組合(現金撥回)(全權委託帳戶之資產撥回機制來源可能為本金)(撥回率或撥回金額非固定),-0.08,1.44,11.47,7.95,10.94,20.04,43.14,22.7,67.01
(真)簡單愛變額萬能壽險<已停售/暫時停止銷售>,AMU059,委託摩根投資帳戶─多重趨勢收益組合（單位撥回）(全權委託帳戶之資產撥回機制來源可能為本金)(撥回率或撥回金額非固定),-0.08,1.44,11.47,7.95,10.94,20.04,43.14,22.7,57.36
(真)簡單愛變額萬能壽險<已停售/暫時停止銷售>,BRU027,貝萊德美元儲備基金,0.25,0.82,1.65,2.39,3.41,7.65,13.18,18.6,-
(真)簡單愛變額萬能壽險<已停售/暫時停止銷售>,BSU039,委託施羅德投資帳戶─多元資產成長增值型（現金撥回）(全權委託帳戶之資產撥回機制來源可能為本金)(撥回率或撥回金額非固定),0.33,1.08,12.4,10.93,14.06,26.86,48.61,27.29,51.79
(真)簡單愛變額萬能壽險<已停售/暫時停止銷售>,BSU040,委託施羅德投資帳戶─多元資產成長增值型（單位撥回）(全權委託帳戶之資產撥回機制來源可能為本金)(撥回率或撥回金額非固定),0.33,1.08,12.4,10.93,14.06,26.86,48.61,27.29,51.79
(真)(新)富世紀變額萬能壽險(丙型)<已停售/暫時停止銷售>,查無資料,查無資料,查無資料,查無資料,查無資料,查無資料,查無資料,查無資料,查無資料,查無資料,查無資料
(真)(新)優世紀變額萬能壽險<已停售/暫時停止銷售>,查無資料,查無資料,查無資料,查無資料,查無資料,查無資料,查無資料,查無資料,查無資料,查無資料,查無資料
